CountryCode,C1,C2,C3,C4,C5,C6,C7,C8,C9,C10,C11,C12,C13,C14,C15,C16,C17,C18,C19,C20,C21,C22,C23
ABW,0.11771072628132213,-0.6286931041178527,-1.1900443200912316,0.7493300847843263,0.6735795819276394,0.0838343250825494,-0.7804055815853697,-0.6549346746685198,0.40461299404508344,-0.7966093580322325,-0.9243671754055307,-0.8054658464847515,-1.1377763634647076,0.6182136552267099,-0.0636264572718173,-0.10127441959558556,-0.02076036255872382,-0.1661811303155971,-0.013551079016879134,0.22372558057061065,-0.14446189023207762,-0.15909986728325531,0.15123763493347991
AGO,-2.6657921300843883,0.6709312082955264,-0.007356772861333818,-0.6950335432892135,-0.10653766467683448,-0.10587605113250904,0.5567123839574467,-0.013105608715174669,0.14144501932765857,0.13520550484739968,-0.27638686095462894,0.747690632557151,-0.08910806222401092,-0.14616084394796636,-0.04206002410368921,-0.028880008297471164,0.04080889707685186,0.02109354160467175,-0.2654866821872948,-0.0004516568751746427,0.24032137711582635,-0.16144533819427342,-0.008066697404437594
ALB,1.30884672628238,1.3123617506103828,1.6127254946407743,0.6110756657575901,1.6013850101715812,-0.5756598257391342,-0.6149679580071259,-0.6449713517484186,0.3598382445202094,0.8706139447775959,0.6395990637044441,-1.4193659278026223,0.15573745392481192,0.23730310831218662,-0.551224482384775,-0.3475726947467321,-0.021850355336824924,0.09462220858307274,0.102512041737818,0.01322859429282505,0.1260349942169261,-0.01784608790308,-0.05067438046883575
AND,2.2336353538502722,-0.7765192635297601,-1.5415523884720905,0.15291935922163993,0.09708858750228459,-1.4439567210863107,-0.32672787328784625,0.19772033771718056,1.2247630047359397,0.22177709945223,-0.4633349711418425,-0.35258365210856235,-0.36508509040685744,0.5440954600304322,-0.21600403782937572,0.5154948646738838,-0.31773317246630145,0.18986947623507852,0.0712122671894419,-0.18891856813561186,-0.19141117284421935,-0.5003586256954659,-0.06733757752393277
ARE,1.5167420170007153,-0.7556260870125109,0.028439171048948275,-0.9779980922784373,-0.9642401538120774,-2.4678581527490877,0.3729004675657595,0.018272902702235926,-0.04697326181849853,0.375522396671139,-0.6968535528830097,0.018360607664340344,-1.29331965285384,0.269919209656547,-0.3849152260730994,-0.5155373188490703,0.6401667009181154,0.20970560081969217,0.20986724730566989,0.1780117730171026,0.027752526939168378,0.11743490981918069,0.04623845053410476
ARG,-0.36726608062077093,-0.3719791886410827,-0.8800777436824743,1.5258534490742224,0.17731825521884434,-0.26322337875875657,-0.7353233856299366,0.5344440400755808,0.0806002561718142,-0.7583335438666914,1.2077735059832737,-0.42889112867686074,0.3722084751948662,-0.288694549409386,-0.19780423195219204,-0.2629749430694227,-0.04038591049643298,0.07904750894758088,-0.3257372421394781,-0.052782445618651246,-0.08343306038387818,0.026783239624822278,0.02017086149854223
ARM,9.570162785668625,8.171358685705338,6.972772310719374,1.6893026086185212,-2.1227009266521515,-1.8369553585972322,1.8461994626717926,0.7669588958695103,0.27965100909605106,0.002410684976556766,-1.3844677031523869,0.5274747842997931,-0.8636964521458593,-2.0381924100337234,0.7049177497123028,-0.47213635818032285,0.24165012467353217,-1.3220659599530267,-0.23521077224352652,-0.557043061102826,-0.37488078413527487,0.06526560428939476,-0.0008809964379652653
ASM,0.8743173234687991,1.7157719979292516,-0.44835600380779017,-0.5768148015027358,-0.02906253506415729,0.5189115133521824,0.06283128834393839,-0.1084942865285232,-0.015626537868266576,0.2884332698130318,-0.05523951689532098,-0.1658409251081582,0.36440980370728643,-0.3758826413511866,-1.0685624947962604,0.8439350263649597,-0.38469058271166834,0.7156834084743684,0.08784063136323171,-0.17238470488626173,-0.8970553685271381,0.03702732910089538,0.005513354009825289
ATG,-0.30856440768696064,-0.07087502051168039,-0.29643521361555714,-0.22420163397005968,0.15996115022822266,-1.221776765895071,-0.19733007904923117,-0.7934370055267083,-0.18080554510315455,0.3096007815001012,-0.12290736214855884,-0.07261364632388999,-0.8302018035262134,0.35079516578995407,-0.49354624762582944,0.029990601856638512,-0.030240908069868004,0.15191532475857514,0.02127483209325935,-0.008966634005984664,0.0663410577006712,-0.1082076819243728,-0.05891133116318572
AUS,2.287773643419158,-1.375638677274107,-0.4597491142592215,0.7803932865603399,0.7491126875342944,-0.9179040953522326,-0.39789967464988735,0.9250892511534297,0.2013193847347748,-0.5162604354034253,0.0803470185782358,-0.765125521858113,0.8762311903591258,-0.33827001265690404,0.15406569999972713,-0.26760499858786385,0.15600961892296936,0.24712641058701595,0.04608017708251785,0.05222870731201049,0.06437145756353713,-0.044354767087238796,0.030183874611290653
AUT,2.216941629606587,-2.962019983042409,-0.9079349085131575,0.21283946456125882,1.5506472213722593,0.1630332756037973,0.07606862362447012,0.5940015204412837,-0.8553997723653705,0.030117333855134796,0.18945390734580353,1.105033542750452,-0.061943289401791904,-0.8664190575430003,-0.22296162438888495,-0.3122910645076375,0.21785240549605253,-0.18796319965585304,-0.11135790416982563,0.1780625044475663,-0.03446929306903945,-0.03963635541237537,0.0337829460172363
AZE,-0.2955633966841372,-0.634908979365004,0.2640947238337398,-0.8235188987052079,1.755982405873342,-1.2216739445645128,-0.19737881864011952,-0.1263091567781242,0.4521053955012781,-0.11370927470387204,0.25679161842022374,0.10675249346752537,-1.0739210525066745,0.6592131825525261,0.07211249556545278,0.20117239664015255,-0.42680786914029334,-0.19285115440666908,0.021374875080814273,-0.004300017914583933,-0.19359563145858416,0.15847406317090815,-0.06116225100130492
BDI,-2.1710976808242997,0.45555260818821297,1.128880094109801,-1.675033168177271,1.319949870936346,1.1680289233360457,0.29520035214779783,-0.7105316081479887,-0.9437275109205273,0.2315537535700675,-0.7519438428523207,0.17238572799175275,0.0034394029616918206,0.04594642163619458,0.3783883590344339,0.15168343477055107,0.08263620122949925,-0.09528214278894313,0.353913306428943,-0.012355128878748445,0.07482665068043906,0.010395028983702433,-0.025337947830565272
BEL,2.72864141244905,-2.8865449306283906,-0.6182174927708636,0.35087467273134415,1.8571896949598892,0.5462952616635617,-0.06190076408736053,0.3238826047719376,-0.835833770156322,0.34830302058894413,-0.01840128476332892,0.6711666908786404,-0.05524649349587155,-0.270177661717933,0.1270318094199679,0.3761807044405805,0.6686344907436094,-0.19397917318727576,0.14000043437740703,0.03404354201777295,-0.0777582149302318,0.03456172711197943,-0.021742171229592558
BEN,-2.926766092095703,0.8651394000298647,0.1082323668279559,-1.0632824571608548,0.30150948847152637,-0.00765219768590022,0.6370757495750696,0.3699275068348838,-0.5201571272851689,-0.774920129310502,-0.23564214039970552,0.5988246604323471,0.1698290233566137,-0.4839248964676003,-0.12358910499459788,0.1971826036404028,-0.13987859332891292,-0.08620394060431917,0.016286566432039833,-0.0023691087993737005,0.1050929017092803,-0.052238763327142154,-0.004793177932263373
BFA,-2.6758014910167285,0.6442135130665874,0.5650479674580555,-1.440646480348207,1.8376649712953534,0.7640505217566809,0.25386496430795286,-0.2996203130331843,0.6008386607289112,-0.8008810506869252,-0.5129166782569807,0.3864187758090814,-0.05418535216499436,-0.339030907857368,0.02383051561592524,-0.06060144134722583,-0.1718474770263491,-0.03901427062029377,0.1255853964930339,0.00956597951610296,-0.022820108510684806,0.031148797751881986,-0.02685211148385204
BGD,-0.9494944380899784,1.4630520928862576,1.6160108300896916,-1.843188369222108,1.3519463091396104,-0.511177454298928,0.3202908857586258,-1.1335267912246756,-0.004756811783187057,-0.057396568585820665,-0.45630206679125185,0.2806688211808105,0.09631284976066698,-0.6428092718603806,-0.8096412851790064,0.30398029456328934,-0.33644792223276826,-0.44110153856654327,0.10255848704914375,0.3533846608130023,0.07385634571008214,-0.09571287437534534,0.17238979775825067
BGR,2.835906826747993,0.8884708578075526,1.5461834289466365,0.5012930904282674,-1.284755468345279,0.18061275657567857,-1.2026030335769955,-1.0129233890523028,0.3421818156437441,-0.2999143841725603,0.6930940951458097,-0.008760886651847002,0.20320415794008065,-0.5349001874289779,-0.14090750491185394,0.09733722975824441,0.2298080142769765,0.11338328003671988,-0.35338368372970813,-0.09375678782125428,0.11794182792951319,0.050746200718947254,0.012520357612017613
BHR,0.5483637287131018,-1.1385573881356263,-0.5718948373693229,-0.05452354286109703,0.1170511572948373,-1.9054268017713014,-0.31210715751961404,-0.15858069183726317,-0.1855651138358164,-0.5129162519779515,0.2573832352164018,-0.21739255186337464,-1.231575902283799,0.524592889524632,0.013743683481894246,-0.16089356374090744,-0.1008804956353237,-0.05668160462738664,0.016541173656355854,-0.03250346317780087,0.10640623790567974,-0.0025260061626766845,-0.030932856007414022
BHS,-0.20715281806451635,-0.644075491876297,-0.7067676618122232,1.0474072119768472,0.6784030531136888,-1.2240966010903078,-0.5211158700747307,-1.0971020981025734,0.2527339725956413,0.7537984002827954,0.3552613327380332,-0.18237102150128168,-0.46935310145346465,0.5630436600985036,0.18730036487115811,-0.056011279233292945,0.02100667694645604,-0.08293705889491994,0.10700686629429217,0.017236596574195674,0.015855621405265755,-0.010626903147684545,-0.06873724017374927
BIH,2.2167463738401687,2.048780379649042,1.2004173194192265,2.935779606635244,1.1625250790732007,0.23545031150868792,-0.2913741492263119,-1.505290179499705,0.9538964486227677,1.4995107738482398,-0.18522230440162044,-0.4993064048951579,-0.21192820074086188,0.07397526593545958,-0.849459262769005,0.16948678786963406,-0.025983443523310258,0.2125748185559857,-0.059581588478838494,-0.01142228476690732,0.2032465203030623,-0.01854669110140026,0.07670419242398611
BLR,5.247018957019486,1.6446443091610847,4.5390622942363965,1.4619967733748285,0.6256874365583243,0.27822163517368437,-0.4346236027082125,0.0943915445714239,-0.042244076226922035,-3.27495374390015,1.4365994742717327,1.6699023983623975,0.3473876749488847,0.19313649361991775,1.2733591199638343,-0.7722938665826194,-0.3350244233932862,0.9128262253545698,0.11070366912129401,0.11771492459224335,0.09297694816760288,0.06111842019558871,-0.242779097675418
BLZ,-2.42805146784636,1.2572724564530366,-1.5031054993020927,1.8508334883982243,-0.7250807884723651,0.5227120488381117,-0.1758885240515358,-0.4680084160083001,-0.033301611939886525,-0.7821756545216988,-0.24660024467024513,-0.007932786783107595,-0.1692336640982773,-0.26116891870369463,-0.392132871142436,-0.08692349041506806,-0.08747486201271534,-0.009121290745199849,-0.14667456421173825,0.13565854232202432,-0.009784172314548794,0.11085833830309284,-0.04208432231733471
BMU,1.3510941796801008,-1.8289659386086699,-1.2293263211647563,-0.06339502395643812,0.06097748333486637,-1.5442965699071098,-0.6732575970922776,0.3997902419611783,2.234917885391584,0.37890094682990233,0.1431349129692391,0.4192782664134192,-1.1976952366864302,1.0195220678067083,0.39232654679173,1.6302912133484988,-0.5274175302928235,-0.3276063255713416,-0.037635921369730756,-0.3858580349721342,0.3088816241415318,0.273135252465682,0.04544870522880109
BOL,-1.7035683542567113,0.6428232888648103,-0.6186247958232167,0.5827829082074085,-1.1339762059023344,0.2137762990410357,0.45035447348075325,2.3029512989251932,-0.7023147474047564,-0.6338811959628089,-0.19164279186097713,-0.5507755130448196,-0.04965425111623477,-0.07730599867434113,-0.3409693985491562,-0.02011823178473193,0.05040345197072034,0.021917636647683748,-0.3866003207281839,-0.026184335063046453,-0.0156319520557238,0.012391608360073926,0.09202328808847504
BRA,-1.5271477038379446,-0.17110625123312098,-1.469102024300579,1.283475775690978,-1.0043216934284158,0.328779449932238,-0.6388768795804404,0.49914156980071794,0.5038067038682524,-1.0348293508087147,0.33716846181241805,-0.14775752844626555,-0.19820982209048485,-0.2159798327001796,-0.18427278471016775,-0.09055536348011099,0.21134010912793103,0.0014838866114868096,-0.0270922811322628,-0.07187928320252635,-0.07090714061134057,0.015124739075480701,-0.011026130739524423
BRB,0.8754184601485446,-1.0252677052961432,-0.7640325033598542,1.3798332532949045,0.4617039679174572,0.7616768477530949,-1.0303495739016055,0.4620258015134234,0.860293791478492,0.013101450372403619,0.09951351572377655,-0.8838687720781271,0.03114541920743132,-0.04439784238136322,-0.26401286575887234,0.4275084319618999,-0.15536686511688508,-0.28879783445940566,0.009290615725828894,-0.1576700004051469,0.1772721516766413,-0.029433026863744372,0.09600434785584136
BRN,-1.0090070823796218,-0.4759645363189384,-0.748557984096926,-0.09557766745183573,0.8645015507809418,-0.6991464921533522,-0.45847550861262854,-0.1340483315379628,0.5721468648163118,-0.8694784857063539,0.0684086950932828,-0.28569800617586777,-0.8041077461269445,-0.009238024167612022,-0.3758848859392758,-0.6466377718624355,-0.175245679275541,0.046831577566350535,-0.15212629039795705,-0.034040828880739726,-0.04548366830021554,-0.022261179651948664,0.009612613600960869
BTN,-1.1063839556701347,1.355152556548552,0.7269137188229093,-0.8130203290701735,0.12731358194520523,-0.39432491077293413,0.5731072859702251,1.0230523970203282,-1.2206432070404802,-0.19616432165712766,-0.9701287651377887,-1.062237244188226,-0.30766462452036625,0.5430094271578566,-0.4615702786787362,0.5972977525656381,-0.09910358847798673,-0.09967343773592595,0.11981976451254181,0.6060006361320329,-0.025383426472207846,-0.2394309490008158,-0.09189490861920178
BWA,-3.2306706357294264,1.208462154962717,-1.6610544237804348,3.104134563360848,-1.270861177453603,2.08141596510651,-0.04493144959266207,-0.1390520109550805,-0.6995274914771757,-0.30804992873775405,-0.6693616138044691,-0.17744360490569638,0.4175174200419296,-0.10310235864685442,0.28820321698213935,-0.09555736923433183,-0.22988396557767113,-0.16882193214715252,0.3675450971830176,-0.0726310450081448,-0.08165784096257465,0.06702863295252563,-0.023790772662687018
CAF,-3.6705447775101323,1.2295010936388235,-0.849874206913682,-0.26595433558467363,-1.7907817740347174,-0.4531688056325129,0.016025367323508233,-1.9948283952998334,0.6578130803948418,-0.7024686148374141,0.17585044495091887,1.298788518748721,-0.08115470086736093,-0.6719134391364682,-0.39116986274219995,0.10039993265063124,0.17394363446072716,-0.03313850895423231,0.11414070247920831,-0.0598797944320137,0.1008100777794758,-0.06414331698783424,-0.01683667504451437
CAN,2.878870533350012,-0.9709680750978353,-0.01459093744340957,0.08012840112755518,0.03818683875437767,-1.0160157888132717,0.4093092026668144,1.1975651416292161,-0.3506099310034257,0.28510557722755403,-0.9626153981712353,-0.3460556187925992,-0.23487244453965903,0.8549597796369595,0.1893482198598973,0.8370640743989829,0.347004546777102,0.12392530246700215,0.010527665806651623,-0.021182197287857873,0.003938473840468275,0.008486362210310888,-0.08503273496245997
CHE,4.044938345623026,-4.1229797712636955,-1.5201455511503308,-0.45383420017954257,0.7424719377439042,0.4376794820950573,1.5240048383804587,0.08980592879696757,-0.0485927708858906,-0.010230835145559827,-0.8914435176581963,2.0207753536779336,0.04238999156954333,-0.6652395360022366,0.10464153455236472,0.11178703564099793,0.8746633685178344,-0.14890685447507132,0.27453301120512935,0.04913210970683699,-0.1871559282076341,-0.010293475514785683,0.04480782079546157
CHI,-0.671258254483425,-0.584787684828977,-0.2602784267094882,-0.1276496885881505,0.13495950873346774,-0.031359485263636494,-0.07998655389483768,-0.0006499850976610264,-0.06699428046726046,0.25472862335670693,0.061224952948021334,-0.1640716476633698,-0.016325468402286235,0.03099323977684159,0.06591877241670605,0.04625684409986754,-0.0030828411575711946,-0.11941165309452424,-0.020281634469387445,-0.12983461637524768,-0.018913830031642608,0.015107283271209668,0.07913366056898638
CHL,-0.5607964952527292,-0.9199162031401451,-1.2334658707392112,1.0862410339336084,-0.8430374875683856,-0.7930909513076314,-0.3967220156191414,0.9717434186353804,-0.6985306551703637,-0.13871011706083294,1.4047839755963876,-0.09089904156208138,0.25364450427881546,-0.5751121224712364,-0.2987003498308178,-0.24968880457142736,0.2163412826325737,-0.1594669901743815,0.44384803100840253,-0.17011787824502492,0.1926943646315215,-0.08999654353506223,0.024549277893939733
CHN,-0.8804765310961851,-1.0555523522411714,-0.39903598160436965,-1.1404363325014002,-1.0744151508987005,-0.45680941176457046,-0.4087640898183925,0.4204583563003681,1.2546912343353651,0.3643434658819217,0.5933882839448551,0.7264751019434178,-0.3258349155209305,-0.19534875377687166,-0.1626974490748479,0.06769756197059087,0.35441284380725563,-0.03207535637216719,-0.1800543909025668,0.03804286953799607,-0.002895600195668392,-0.03358663731484692,-0.0008213451179017588
CMR,-2.8872104435252255,1.0104706189672477,0.14515107459039633,-1.0861729951129477,-1.392467745252101,-0.4792423168963487,-0.06231206585277209,-0.22277254185272796,-0.0011964674659479112,-0.30598705185812186,-0.018458323610868813,-0.03918452952408767,0.11253550851056682,0.17728527703878827,0.08208625714552913,0.18623057853347816,0.3364381862444073,0.13239735426214272,-0.1388087809142404,0.006170916943920699,-0.20550887985193533,0.10144396403432424,0.0006824622964018821
COD,-2.9364873340324174,1.105413570990546,0.7081453855266036,-1.4494493908553634,-0.9162731446518272,-0.37248510019221087,-0.01613153049516078,-0.5210822171105195,0.5903641337702438,0.42393698590846135,-0.06391916230273222,-0.045441017447775255,0.3389626084362255,0.3993674363979084,0.4008850887383505,0.2010077660922326,0.4583237667264323,0.2294965874243193,-0.1386855296789143,-0.09747536080107516,0.13734787044764132,-0.09579375544482054,-0.004766225333660772
COG,-3.1920024625720758,1.2248784616756385,-0.006829505280809024,-0.3000658444504288,-1.5247930356495154,0.7675629073475221,0.14062917715650242,0.015506303741153912,-0.6890101098606493,-0.5456489770101445,-0.46959150986294723,-0.5244123820219881,0.3724960901875892,0.3448405432973965,0.46123778083764044,0.390488558799585,0.3958021232487084,0.06858604430389274,-0.05786272674926849,-0.06057811752341125,-0.0035080940244756704,0.009225491045148216,-0.0036267345178816884
COL,-1.5629142080872507,0.2704464618673732,-1.0438979131063522,1.3673636595130128,-1.5253824926430888,-0.73510894265224,0.016970657651134015,1.0353846676874323,-0.24626465975805417,0.1758496911106459,0.6608099838425188,-0.06492224848221001,-0.008688525380448684,0.2162990860196019,-0.1053942719945282,-0.0005450672353531189,-0.04552866160447793,-0.032565767917629954,0.092057583845625,-0.15419359143654032,0.05588938918363571,-0.04979703786936084,-0.014534327673684103
COM,-3.1911346070581046,0.9555070677205931,-0.651562641380484,-0.04016244217674348,-1.7547948088387693,0.4773530475209725,0.5183206970586108,-0.36945529291372065,-0.8801108089963682,-0.4252993165408129,-0.4176032774128989,0.6528466774478792,-0.0047455381331281184,-0.32286332809699675,-0.059240049178471775,0.2753211525071592,0.10725482047567675,-0.17043975838888395,0.4358025494236468,-0.07688141946528955,0.14247764214916644,-0.06179229854733173,-0.028609087055956883
CPV,-1.9578312709565222,0.21078699732115613,-0.5610178862043721,0.3347146253005468,-0.7243461238599013,0.09817354049153029,-0.056162807181519676,-0.2935047442074717,-0.8225149273712169,0.0788547747645654,-0.1053425328250861,0.09146140408590576,-0.5271997494327543,0.1296661751528721,-0.051431890420475544,-0.11940823482235918,0.11446521797979513,-0.12471212752807302,0.09350328909154587,-0.05681107925123229,0.023768306314220194,0.019522745044499586,0.002741323143757276
CRI,-0.5219723807785283,-0.271113618148277,-0.9569259499989348,1.1688072584677258,-0.9119413465599423,1.4671380984728981,0.07157940183516069,2.509378472994611,2.1659378747897278,-0.270022851508913,-0.08436122757737693,0.2046081931430974,0.1055730214939449,-0.4933041272956336,-0.3558995416557964,-0.29987262449461144,-0.10958953922018436,0.2288661183812798,-0.10652049751762978,0.07544369210100417,-0.2059005751681149,0.06919863280880609,-0.022960887144694537
CUW,-0.4613917153292653,-1.1590942657937997,-0.7903958387806759,-0.10576661639180517,0.1898104620783415,-0.489287239509001,0.18444443078857467,-0.30039231823102713,0.11039726115492733,-0.0059428653688882865,-1.3708666825632752,-0.028743078022037852,0.5836671817779112,0.38794461496190097,0.9278679567826484,0.14945270199868904,-0.01685806798388315,-0.09337224185698016,-0.007024677271277384,0.16827947841971147,-0.057803674986364226,-0.13700147783185643,-0.05201236841397931
CYM,1.585545575981677,-0.5586211360353511,1.167553402160833,1.5119237031169979,-0.35850427466088625,-0.9828964393997,-0.2937815463455744,0.2068004030135292,0.5979464702303279,-0.8348266978485865,-0.08487232743361983,0.13330838153605348,-2.078797057797607,-1.754485562337644,3.0432022490083317,0.7932285031740179,-0.4316028647234044,0.5441783989875622,0.10006776411420787,0.06509595020290025,0.01719714774449979,-0.11529733332616982,0.09987930943142889
CYP,1.973779389315957,-0.6600403409332286,0.4223486915944477,1.6268473707862305,1.4002822999684676,0.3475073799205212,1.1797015079642006,0.7607821712615233,-1.3845320081507029,1.0784009531306589,-0.37437415133563867,1.096557019880544,-0.4585949293293856,-0.09698207226986255,0.20769792075287663,-0.08952855372784185,-0.4173641779144564,-0.17906424530656123,0.21723117882204132,0.022855992583619828,0.042045345060369194,0.09280680561124706,0.0746732429025199
CZE,2.325309039131927,-1.6688786635292832,0.7460634981195556,-0.6702836591574941,1.5394543639982032,0.31532434742410004,-1.1635970740788422,-0.39869128778103646,0.49262557148630953,-0.40639633931843017,0.656329954416985,-0.088266305997726,-0.43946025146751483,-0.03020314568757109,0.37838727362637525,-0.15320169575046028,0.017824731719698554,-0.08723729765547288,0.10451971217846609,-0.10431676365767104,-0.013787184977439521,0.017814264704782992,0.032867789697112806
DEU,2.178905409845219,-3.0903665450790014,-1.0949584314354222,0.07655107054342086,1.9885811013056909,0.12626336276862915,-0.28677108959309283,0.07070131917240464,0.026004794114015083,-0.2593545194077047,-0.00088528259617546,1.2232602170831404,-0.44721534578488165,-0.770958513832112,-0.028708407296626826,0.15740603106945902,0.40359282174623884,-0.25801101381928343,0.1285715201666612,0.11554129547235531,-0.08108911158951314,-0.018368517641165802,-0.01200229496488018
DMA,-0.20580711626176693,0.044000162286280634,-0.6043955472386706,0.7179598239394556,0.8429883453050535,0.17516571506092488,-0.8098916274031148,-0.43453602388235374,0.8276241581739964,-0.6563710279568018,0.00697699203098842,-0.563127876209366,-0.44381950067340786,-0.19645167976258632,-0.7398768115702394,0.13819183829348092,-0.2133698612924898,-0.02091018866323967,-0.0811554140213539,0.03829056725876662,0.03596708002921628,0.10513437446233927,0.008507412437110852
DNK,4.55465077014711,-3.455869081603485,-0.31234463637744514,0.3111427899827141,0.3129248590307701,1.7004360360193078,-0.8454452554418778,0.22001564670557375,-1.2814111177478273,-0.31340554973617896,-0.6662200722805718,0.34005771471159396,-0.1629685342079481,-0.43264516388121127,0.5075441415008266,-0.05081631808839753,-0.4529247819054613,-0.07838218678616275,-0.06045280448307062,0.06959463372633118,0.21733875423676932,-0.07854059845774346,0.011111903696822856
DOM,-1.4955492370103178,0.7110509694145402,-0.24534925256119874,0.9942135752058134,-0.5709309674618228,-1.284764723455467,-0.17014228833265058,-0.39514497938319976,0.4569183198589264,0.8638159553544245,0.9738407745200532,-0.026241585320054064,0.012434675237004996,0.15969066216985475,-0.00976226040156603,-0.38237213987722096,-0.1068072380092152,0.14504217589353682,0.1211282351902818,-0.14055669724975303,0.0364372497423184,0.024146435382125554,-0.0003192045379950258
DZA,-1.8710115019801816,0.5488892524376983,0.19770327684847838,-0.010885863235464826,0.7025715947260246,-0.2969395063666075,0.44311043716930165,0.11041475320938947,-0.7955677442509099,0.4673975791582582,0.23810090080192778,0.16749948463498107,0.16235484759477778,-0.02394441604930411,0.050308135092398475,0.008525527398429784,-0.22112762577641745,-0.07020440830776487,-0.03223398453401461,0.09422312494156318,-0.30170339760471526,0.19653575393312064,-0.010233806497743773
ECU,-1.7043595855207871,0.16677285024667302,-0.3493724178708522,-0.09152604496513894,-0.682140934589137,-0.8837499411728685,0.09522137454719093,1.0526140507754582,-0.3760411492188222,-0.13142207024989544,0.43016080415033153,-0.25193831774138237,-0.043661753989354735,0.24003274702531135,0.03810946474096983,0.05005473947121538,-0.08061515237718818,-0.025386702931464212,-0.1165451720205457,-0.04268232712968571,-0.023910115594522153,0.010947859375750251,-0.005481306314141662
EGY,-1.0697482577400694,0.7360041258141715,0.41430300234576156,0.3742054039882207,0.4597449680136286,-0.7665552807908196,0.7430248660082742,0.32038866273441446,-0.7839613807049872,1.2363529051620405,0.14147501583153932,0.20715709294030402,-0.29123795981029066,0.36043160495073073,-0.07453468214723187,-0.12001476414072085,-0.06432596133671112,0.08783588532627953,0.0014398410586318384,-0.04113066840660847,0.46582545228733896,-0.1817256440926383,-0.050248301832986786
ERI,-2.5288629007137895,0.4720557249886616,0.6302269150424715,-1.8609219569403257,-0.26398241105034614,0.34095779437468515,0.6464757168108576,-0.44668715136713694,0.869207451145208,0.6623159627814915,-0.24694840722444766,1.0934451956861195,0.04522833674830603,-0.22479657753529123,-0.006808223017517255,0.11410825408009542,0.2306592563597805,0.03551867917766235,-0.12133025352825594,0.03830444255289597,0.08211373910795924,-0.05959808648170321,-0.008950922045653962
ESP,1.3282706975253011,-1.6784273144929192,-0.7678897741526928,2.255569298757926,0.35871068981413484,-0.017706455443179097,-0.459631741574165,-0.63521535216286,-0.3803743553692211,2.4327499122955887,1.1982614293424605,0.49045008751600416,0.4563679596730044,0.06035673586792571,0.3152846561669156,0.043373688618868034,0.3942994068569409,-0.05454543605055519,-0.21522430292589229,0.003308974964922639,-0.10612619002030294,0.017069337677053306,0.015177008005716839
EST,3.9670583033004854,-0.4672885485508139,1.004660760816247,0.24053595128847755,-0.6001841781097653,-0.09026807170288993,-0.7669900226663245,0.24594161973022727,-0.363381354812307,-0.2978498362453642,0.2957351539264146,0.019163365848369467,0.22555746749958128,0.8112975798974724,-1.1832527028734894,0.2536710286076645,0.17771259506034878,-0.3262009405094732,-0.21267415721234784,-0.41689133911207343,-0.09537786862131443,0.006164805348864562,-0.15029482769103925
ETH,-2.328316376354148,0.4919394878836645,0.8210267451042256,-1.5729199816025492,1.2941324101408451,0.8361576728193681,0.07045550275834152,-0.8111598586295323,-0.2324307049046617,-0.2598248784698504,-0.45256094506378297,0.2711974957047772,-0.0049944832255973395,-0.19023153458384107,0.16611903529555735,-0.0073133682738448615,-0.2391432472663044,-0.04077424832887094,-0.14958640607984672,0.09888917622311015,-0.03597831719427424,0.02677166985349726,-0.009890795259434666
FIN,3.911907611235948,-2.594106219911766,-0.4599186851591797,0.3763456775566138,1.8200441922009964,0.8989052812059045,-0.3775202282705251,0.2316352460173273,-1.479739969862367,0.2793071349595286,0.03458632116747627,0.3331567010759664,0.06862394404848905,-0.31337569969161216,-0.26283081409068343,-0.14809231643070583,0.07605704222488498,-0.012496014927589104,0.2994035195295344,-0.16878570753020558,0.06032103199056285,0.007119272718010992,0.040543181298311165
FJI,-1.7246211128736,0.24152020875094352,-0.3163178186592972,0.12243875049671357,0.3797183121806244,-0.3313347565885066,-0.14245792609243216,-0.26251530153555436,-0.23528100537637645,-0.09097174945660923,0.4867863001268972,0.004810955424237288,-0.1714946525730469,-0.25443639629647746,-0.31766545777999894,-0.45757241641928226,-0.04597924893382511,0.016174413061678657,0.11530708826803777,-0.08806883239889238,-0.05937216329201828,0.08626977841048311,0.03812592678345517
FRA,2.44586786968535,-3.468711636601246,-1.0409806587058343,0.12044238984992278,0.7821691782479105,0.8914494978777838,-0.1760153484605632,0.6279384326368057,0.2662053742000971,0.954491095116227,-0.1298383417002358,1.4100159033765556,-0.38588759389058613,-0.37183878531741726,0.20144202759566585,0.45242476147671906,0.1914257556412114,-0.40478237322689953,0.1774104051857187,0.06203707220047683,0.014690139214352768,-0.060341131244287145,-0.02942206802346301
FRO,14.523916376706213,16.729729605920227,-11.419006408517005,-4.8400354227353315,1.2640514217407113,1.2837526322167105,-0.8316930660379512,0.4457163049345296,-0.19436882413453424,0.5361980048244477,1.0857067247472219,0.2607233987905318,-0.033070306691867155,0.34718189004429095,0.8282502941078204,-0.18025683841441112,0.04265321416634819,-0.04939021946060133,0.011433970709518328,0.10033992644104009,0.059118655084387385,-0.01964177547483156,0.0035558153834321397
GAB,-2.37871533454778,0.7494096467274112,-0.060322196698812384,1.0314213605457636,0.4518711015129127,0.5225327088149542,0.08870877112202916,-1.348358416160204,0.3470762054680633,1.1272082618462134,0.5727671122713389,0.28559581787735233,0.7531382570267077,-0.1987876703117258,0.24874069168378293,-0.4496804064202959,-0.21997131283607257,0.039366118885914736,-0.060376814410502314,0.030961728508689248,-0.15802397712575036,0.07058085650683305,0.008575904265864631
GBR,2.7850606591479923,-2.5064842210817773,-0.8889083582665416,0.3625298894646061,0.9708052251154166,0.07338129088683579,-0.11269095087740941,0.6538054214754299,0.1764538731969887,0.0014912305380730354,-0.6657973866708647,0.6430740206554298,-0.4917556183022124,-0.42088252400410825,-0.11738219980208477,0.47465148944797975,0.36586255595802303,-0.2748984371433558,0.011194005902536363,0.18388822048402878,0.013956268137448736,-0.010966092821387266,-0.008731264370469291
GEO,1.0467205569462894,1.534483836904761,2.387629202567165,0.305092783985658,-1.8863612290215002,-1.5460678812694242,0.3882309680826761,0.3569895273108443,-0.28921876069861535,1.0141705181415266,0.39231086033277435,0.37245732672901005,-0.5560429574248387,-0.024254995147337737,1.4388742893065511,0.04849406279475565,-0.15491353554769838,0.41692420830068944,-0.21002415375986022,-0.04967123837437491,0.20620527551246656,0.08999779644554991,0.019599596348506356
GHA,-2.5396562359703587,0.5481768866599056,-0.20118262696625372,-0.5474055081541288,-0.10152582322659773,0.6133977236648646,0.5633163565241348,0.48546978623925036,-0.7613034227536541,-0.7881130545722154,-0.42128375861595146,0.12384933533824742,-0.13561747476203584,-0.2535547435162844,-0.08870268943899601,0.12460809661311525,0.04001690583233955,-0.08616664172305681,-0.31186475231972843,0.12505902513592215,-0.12167931624515158,0.06959684004846171,0.006849635639337793
GIB,2.9055717456859855,0.38020653278193584,1.9459144788918648,1.3532251918167004,-0.5896304663291179,0.30376097847968764,0.18124289085222944,0.013265276802683482,0.18785830536487813,-3.255117643207275,1.1222071093076862,3.515198416341166,1.7244148784767503,4.804535890237816,-0.042201183629599924,-0.0433934141936633,-0.005968789732501646,-0.6845325604411426,0.00607456551730097,0.1907466301200171,-0.0915197193609681,-0.00726255046838218,0.19886699077744718
GIN,-2.6245781159361075,0.7342377527993271,0.8232344294647539,-1.789294337996151,1.3875405770801021,-0.0490325460454736,0.6730033211026208,0.01398846548509828,-0.3126949081571481,-0.3516944791252862,-0.22265333298689008,0.5991481809885318,0.14656827221206442,-0.3139618653471802,0.015977779458287322,0.15687257245464242,-0.06336721032910198,0.0004922609678656497,-0.25498821107882447,0.07902970336728483,0.047123719920396476,-0.02475429429434818,-0.00708253174771201
GMB,-3.1286908041865633,1.1602019080338712,-0.2858375551454457,-0.3045902831481204,-0.35008772486647466,-0.7275721421677172,0.8769172408231081,-0.4468171050666858,-0.21370595974675544,-0.1019187907847541,-0.11326570155191241,0.8286924017767451,-0.29473567791036004,-0.07711861670058519,-0.151466889718564,0.13880832606743132,-0.09561337897832016,-0.06686698355381271,-0.11731094958135871,-0.0015142655989115884,0.06186998210023108,-0.024947036133705285,-0.02953754642703114
GNQ,-1.730477835566322,0.005692614626089861,0.4359073330797152,-1.056572094649126,-0.10103522912970675,-0.25608865666076347,0.24106270843526836,-0.5098495266229666,0.12125237752447492,0.4983276707312754,0.6322862346335155,0.6408836677568722,0.551060904489127,-0.3215968801531889,-0.09006450549136147,-0.4579151921783587,0.19067007108902045,0.04493458131313166,-0.02520611481456013,0.04659071483188362,0.017765870572676278,-0.010642345302426475,0.01324131235296718
GRC,1.3952528226603,-0.3291554847107051,0.04828844774131897,2.865536590641005,0.397840052295961,-0.4131354258061027,-0.3802515973464807,0.20112494007156909,0.354523061149352,2.2920098788693126,1.885851480670926,0.056635978445313165,1.3631765428833826,0.005606816702534855,0.4231393714322877,0.21120987356985851,-0.09054615125891809,0.2254611779430118,-0.29127789887315436,-0.09514889672157074,-0.014247566766720393,0.012374446532782675,0.024086305461185533
GRD,-0.4662928752485011,-0.4836945002262526,0.00251162477984723,-0.10610461625379854,0.06633011385000952,-0.175315539839702,-0.35731775548651135,0.11388149670584974,0.16341131651991342,0.3695717336785833,0.4705429488784883,-0.03159454250199808,0.2446803186562681,-0.23875536694225435,-0.13810813466034605,0.4138617433703385,-0.09695987382243546,-0.4103535773998364,0.0617779339520418,0.3563225921603464,-0.08157881805226615,0.18263510655104934,-0.05488255103707769
GRL,-0.4073830867191996,-0.9396885064433012,-0.6717736897171653,0.1471703470585836,0.30081376962277157,-0.450351258622965,-0.3037948967914693,-0.09705143358393946,-0.3456465494418643,0.12780506807264008,0.2586401617456182,-0.3189052378605005,-0.5281861210676067,0.4150586618191254,0.3329695705548455,0.026595431774499943,-0.045125335236829364,-0.11499678638144009,0.02473728423154465,-0.014698658561210068,0.23423607065939062,0.11144229331572122,-0.01266656787004366
GTM,-2.8295778101736815,0.7519924968222292,-0.6961970846643772,-0.28473271496423935,-0.44472703311240436,-0.6124397799181936,0.11144697216686983,-0.3344504683451739,0.4085871561645189,-1.0461830714449414,0.15211050651201224,0.7641357749580232,-0.15093031196663506,-0.5207521044937727,-0.40811901572909903,-0.0430440204282738,-0.05789725633154282,-0.01997837730548944,-0.14500355015668953,0.009567034502619374,-0.041191579534447416,0.008024458089168176,-0.012159743006671076
GUM,-0.5568129245270506,-0.7165440063443803,-0.4211198542554773,0.04283187153507651,0.16810570596516655,-0.2277279037022295,-0.140089962475659,0.15226851592551346,-0.10655629163653481,0.32693665399800415,0.12888902533977414,-0.5412682509940596,-0.7077801252109294,0.2133715831949719,-0.2615274553028747,-0.9080523047373505,0.16211577022819243,-0.03387851980459836,0.024158088615783987,0.1312354495689508,0.004116658417152826,0.09122190026726658,-0.0066987584254834765
GUY,-2.205932807929175,0.8403881882697988,-0.3731933670311335,0.5226467288948085,-0.22969792113969587,-0.7810919597584746,0.46403945797910445,-0.43243513101638065,-0.15904748992349677,0.2346297707399001,-0.015017170742880054,0.6742733493143949,-0.3887065505128585,0.42398214049523303,-0.11647937240829544,0.03556274258892676,-0.09085896319492141,-0.061264696244110205,-0.4134729423645131,0.04211206774308066,0.007783241234139355,-0.027668622483069696,-0.08899008888499801
HKG,3.8193836867259443,-3.922736991951577,0.4104744098510194,-3.5120785456321575,-5.46878754213915,1.8228831365583444,-3.3676997415245413,-3.0957311532807035,-1.5200376804221316,0.4395140655958967,-0.05475301470199719,-0.4022504566485081,0.15799045337317255,0.048670840610439324,0.45186224016599325,-0.28661490150207575,-0.6466049255708134,-0.08680999603131238,0.02790425865203155,0.1646138882700124,-0.3147255913333867,0.14484861653693576,0.07927255700287333
HND,-3.2224969325932546,1.1781167054201764,-0.7574136621392782,0.3664890648757354,-1.0120932199160328,0.2370409525819264,-0.1971849288145039,0.2215640659362688,-0.13891632719951594,-1.3621528456002894,-0.1528777395144298,-0.43154491795617045,0.22874726322437947,-0.12054137815635836,0.06335927010986138,0.17492092516116256,0.10397664831002053,0.10316190481094559,-0.2970083195300446,-0.048302421277187285,0.057908903267098764,-0.05858949138774011,0.005191649075528102
HRV,3.0182885868679654,1.445724132673998,1.5111755727508756,1.9762896970373185,0.6015174417068954,-0.2635936526946867,-0.38237615155837884,-0.25644938580960175,0.8983891839342953,-0.23646782792085147,0.6482285854981884,0.12662529401572808,0.4581362693482127,0.452261366595292,-0.39696592525295166,-0.020219495813405437,0.0489289094852587,0.09154880145518493,-0.3648265063657865,0.12708955515500625,0.1585601655760736,0.06577808972230112,-0.020766400917579007
HTI,-3.4149186306369925,1.1226692050001215,-1.0727157334777753,0.34804283503773775,-2.5100423308928557,-1.357448519334542,0.3604710398256241,-0.1692565737639182,0.04445732052295578,-0.05691963460618528,1.0458214231800684,1.3652203317501719,0.515430867422953,-0.932740572408653,-0.5945053784539039,-0.04581849351588201,-0.13496669306261047,-0.05490253654827682,0.042184376147749746,-0.05194974964550452,0.1454306554989513,-0.1056198223448577,0.015483710940972692
HUN,1.7445081253434138,-1.0240867410541985,0.6792688871250382,-0.06428213388296335,0.62124394022901,0.3456151039422062,-1.0265861582440976,-0.3583662306939387,0.6207448616839802,-0.6510451206679608,0.49906179088681324,-0.09053185333922362,-0.38459432382371184,0.549351281942611,0.26777597759394833,0.131295826460651,0.751621602077206,0.12234006931204906,-0.0676916870479946,-0.23471453788544297,0.029844334241858155,0.07197839143832473,-0.03361280266530632
IDN,-2.37447815917768,0.8645239946107339,0.5721546361913571,-0.8735506233450382,0.7102294009220178,-0.18188864710178304,-0.39220213991446956,-0.42923925804464746,0.7352968650669545,-0.44554363401148733,0.38191469812692197,-0.5275420726883103,0.47231328400762235,-0.05057005777559681,0.1366435258998986,-0.18732584245382466,0.02576755052364935,0.1111937085208127,0.22209129534248945,-0.15256785295708,-0.0004692304500650427,0.00829461481231703,0.014033451989488526
IMN,-0.25176480907070503,-0.21181859687123056,-0.05353333836869683,-0.00043480889852337746,0.05662517016631691,-0.10438886170287433,-0.057190939351420944,-0.03040830664237308,0.05800867382244073,0.2291156055484303,-0.19236919537956046,-0.3388334810007761,0.0742621507083402,-0.16750553144430888,-0.3439288973949169,0.21509244616414772,0.0422142306897585,-0.4565123821968611,-0.0065172376663231975,0.3359575623315849,0.2741717555167851,0.2615345792674351,0.020959512873646217
IND,-1.2324512511724137,1.3018735559745716,1.5091553125793398,-1.5560119455159487,0.7362833172728114,-0.34988941461921386,0.2004933277215069,0.45656059209567457,0.01689184030553282,-0.19685064207607061,-0.16343018645262075,-0.6873697825618899,0.2950362628098988,0.2662592861614578,-0.034433126656990165,0.09850149370407806,-0.029570987595638303,0.13030844126896823,0.2966342229936114,-0.09245543559835405,-0.08564651961141917,0.07153739365442793,0.038269310108792594
IRL,4.482276687855728,-3.160824960492062,-0.7953564998561197,0.28880688457441195,-0.5929957046123797,2.3431834117114048,9.151883297971285,-2.176852224621769,1.7930994200407795,-1.2758448254939412,3.1620701709644545,-2.9388650767599898,0.1076663768151912,0.3014489009552171,0.3030513824099672,0.13513614020652862,-0.009057081820907975,-0.5092835425004062,-0.04177541253177257,0.1006015242306808,0.08819221003622202,0.025736452290242958,0.0409920813839731
ISL,5.502976321286899,-2.876701966577645,-0.22183391719485973,-0.7545828808174924,0.18264431687120283,1.426061192653141,-0.8655650352071109,-0.00017548310019496033,-0.8321561156160525,0.2292485012994937,-0.9290993128630161,-0.29218253300393615,0.17257186009629977,-0.3986482492430625,-1.4044763030610936,0.17407657818938838,-0.7547537176454052,0.14041827896258388,-0.01507985271293303,0.08497597291053513,0.3214931711181659,-0.0636829341967368,-0.0048000688883821
ISR,1.571146612110014,-0.927953228914601,-0.6820819409388391,0.9677009828009014,-1.1213288420025664,-0.5149447753608234,-0.07548720137153964,1.4933585789902404,-0.2254855897105346,-0.2864486239022091,-0.036973162762673484,-0.13141613050151596,0.04347757202097431,-0.3031991864740709,0.44699117311857034,0.43418866633430364,0.8100003010528446,0.498820288146846,-0.014548876380344382,0.10119792700486184,-0.16960363429988878,0.14225288799685798,0.01845309397721225
ITA,0.2830092647567435,-1.2739866000474807,-0.935590950963078,1.156170135587151,1.3561553968313182,-0.28853761830061886,-0.09079361312932481,-0.4112179249336546,0.07012311484490244,0.3580151001580755,0.49127096616273164,0.8502070002977543,0.2301489629170344,-0.507528751786638,0.004534278614379318,-0.06550953618804707,-0.16349099311551155,-0.09794482766100282,-0.44867001301941856,0.13457249104167612,-0.06443467901150168,-0.03189196706689596,0.0046064881394291355
JAM,-0.7466330947871029,1.637030551477059,-0.45013837901202797,1.5861882225983313,0.14507994192886733,0.6926854027444943,-0.2254641812422062,-0.8448297215681249,0.16906845683633667,-0.5294439874553123,-0.5212307570480776,-0.298773696710427,-0.03812692448122251,-0.21774815651652485,-0.9554394220322205,0.13442781146695312,-0.146462310672508,0.22702770069866193,0.02592167557199611,0.09881444354678662,0.07674114443711964,0.04305369585666296,-0.011433545012069368
JOR,-0.7959493541552904,0.2783447305989404,0.3406553196621374,0.31247999940181215,0.26110997344453085,-0.5828750850040607,0.7197786266865602,0.9819612013560786,-1.4083779202250721,1.1670772584449027,0.16037043223425232,-0.07939979228563242,-0.26186137519913655,0.4605293732564251,-0.01403481470610987,-0.12507457922192608,-0.15587837225608053,-0.02541974668358168,0.06186888171263173,0.03796306069055384,-0.006560991818135589,0.08441193908103202,-0.029509497222621923
JPN,1.6381898493118894,-2.8141057675911267,-0.19809013259717242,-1.3372006092295399,-0.428308459319941,-0.8685587456438051,-0.7655499263332296,0.8286677033512423,-0.42875343926969234,0.7434323459478037,0.3300806255170357,-0.5607652350489216,-0.45426715359912706,0.6311375595388085,0.5271632513703347,-0.09247940775931619,-0.7155360816670668,-0.27121312091717903,-0.3208155489998713,0.11002489798681543,0.16283841501476987,-0.1776586014360801,-0.004873966994287679
KAZ,0.7952382552769608,-1.552194121110947,1.299008949100926,-2.3237139624394754,1.1105065584529747,0.23805605250244335,-0.659857998919084,1.2542358011175727,1.8546694421624768,0.6549970909345453,0.4346156823491081,-0.447983563873537,-0.25642575406697626,0.6359529673824845,0.1377344906490148,-0.640221661419155,-0.31145777878151065,-0.0271618030819632,0.16707391848104575,-0.00943563707444764,-0.19217589369496255,0.11000162605503153,-0.04669407657071592
KEN,-1.7348972372802065,0.5090731965070728,-0.5950891667205477,0.8330294241669735,-0.6649318646827567,0.17362720729378583,0.02724202796484448,0.3659974714426788,-0.629042856300569,-0.004374956119748944,0.20192184282901962,-0.0957196526913133,-0.20170339864558995,-0.18411652902915257,-0.4630204070085575,-0.351675122434074,-0.13864901437674715,-0.06409146854327091,0.05024138626117432,-0.0724059505116149,0.012494512784715361,-0.004580494575881731,0.03613413470453106
KGZ,-0.7258520895797446,0.2612296320642463,1.8466386197620162,-1.0608794399443102,1.8977813385525937,1.2776693052479258,-0.5980561566354656,0.0973925558939313,-0.5683782456288102,0.019190770703133152,0.10959627901233499,-1.4459214507191196,0.42037216886944284,0.28941142413527216,0.8279186294986226,-0.318553305215587,-0.0777915954693771,0.0886869270471292,0.24899123779841933,-0.16167886892974165,0.04759273776483727,0.05908464414997623,0.028105002026947195
KHM,-1.8699190399394214,0.5428427721480286,1.592256004440418,-2.528612414612611,1.3219664290968383,-0.8492441725500816,-0.26348544589329465,-0.3377912556153248,-0.33971804775704545,-0.2874072278795575,0.7752420267759834,-0.5987359165931697,0.611774450931318,-0.17630804510957182,0.15262600552640324,-0.13307188506850698,-0.21838092387338925,0.07306029233113952,0.158701694965395,-0.027353686478626172,-0.056486431344332316,0.07520760490014941,0.03187516402864364
KIR,-1.9429997074247485,0.14237878236753607,0.011890613165616308,0.6205782418652794,0.524917192900468,3.2390480405060553,0.08659866457195185,0.8275303714924913,-2.2926683083080808,-0.489030981864028,-0.7339252678607511,-1.0704794512942988,0.581962588202401,-0.1794196758524854,0.5996232924271064,0.13508991949257998,0.27589750737328295,-0.08372091755508068,-0.2869564455137339,0.09836220078045793,0.11752128932743608,0.012921013429326726,0.05319446949480758
KNA,0.5075973743112564,-0.6660153377347384,-0.3824284897453919,0.5755787004077023,0.27426553297909423,-0.7420296932821231,-0.7625944999978147,-0.07392253999432817,-0.6516095879551208,0.09959937513505585,1.0115968046832629,-0.5258236921579013,0.5206576063777978,-0.30482324482749407,-0.2529325400348583,0.6208382775460766,-0.35765731369177367,-0.15027582606704562,0.20700692401858034,0.4228884596927701,-0.34115590991370554,0.17862234661322587,-0.1349913526386232
KOR,1.462677394825454,-3.0989260715149807,-0.6297653116415455,-0.965387244987385,-1.3861317913131836,0.41313218988456923,-1.5700579045088205,0.8298829025540325,0.39416399729751167,0.16831615110092668,1.1591668176360397,-0.333174247099289,0.751061544678299,-0.3206680459817557,0.5744830528764717,0.5120033027992779,-0.6865103433272708,-0.38119546652409186,0.11314982310706176,0.23142483119147736,-0.5977529464784636,0.25592785014866065,0.01043444599618403
KWT,-0.7733448847924764,-0.7043756980873664,-0.827233283167863,-0.17740660097509695,0.6027297310147678,-1.1039300426394378,-0.2920025689628359,-0.5428572310567225,-0.11855788915467111,-0.9546239658196246,-0.22247447173755922,-0.6334185006601157,-1.1032242532050236,0.11107333744081518,-0.26280207430786007,-1.2243093889937628,-0.05953032929565751,0.09390925770305511,-0.12646628790010458,0.10999532445355814,-0.02222274624436848,-0.002546138530247207,-0.0039433307149761105
LAO,-2.474050455037091,0.6926350784214639,0.7929787874429208,-1.7395388209350062,0.39555781012590285,-0.04056338632582654,0.20635945589369478,0.42492505938272845,0.1218492112416044,-0.5724692902971316,-0.06859759775770119,-0.6324345198974641,0.1997285783273764,0.2386940284504287,0.29743498465526974,0.010941585716207854,-0.04507175404376872,0.07000953106168593,0.046403754811958804,-0.05679598299720688,0.04019048091985564,-0.00498467180663002,-0.006566908330749239
LBN,-0.26438760875031786,-0.49417438758495064,-0.3615803193723409,0.04827823723300642,0.5717881673123151,-2.009123771722524,0.17238204375936703,0.6797301387882104,-0.48341266983809433,0.4101274840418435,0.6465838478868445,0.07635972851096286,-0.7724098900033105,0.4430704376803415,0.04578354628865025,0.4931616175158455,-0.3980545473257296,-0.16276671051686809,0.012128336864987597,-0.10762743006877508,0.12600056438277463,-0.035169339767117155,-0.04691778550865756
LCA,-1.2075000613963252,0.18697133092906176,-0.6744265792346307,0.3719746630534642,-0.10993012890888024,0.3440227915396001,-0.5798784833596841,-0.9351291509144306,0.4284886295023811,-0.6385799264603964,-0.44080179856612023,-0.001025322221672887,-0.45813550767981703,-0.004820375210521722,-0.2927011195560562,0.5261225616384307,-0.03498433780703987,-0.01700950717500967,-0.2408950606062559,0.1402388042486337,-0.2917534878963663,-0.005527797580956911,-0.06625567757264866
LIE,2.2041290822757387,-2.875719126035615,-2.150248053352599,0.5612680584990493,0.18561378539081477,-3.381242045215046,0.2811341786404603,-0.8673636350500706,0.9763860354886792,-0.18852374801467703,-2.8030844705497433,-0.5202567807829198,1.9421053899875533,0.45231707894399276,1.2198647700409206,-0.6880794235205175,-0.13465315795415042,0.17653367364102274,-0.013556349933584684,-0.18865415431752575,-0.28856034411137127,-0.429520573666566,0.18514406159515207
LKA,-0.3419517137175754,1.5191398315499465,1.581039936915046,-1.8043216230402317,-0.7885744190074268,-1.5948544279583579,0.9296522009384723,0.2507319230389981,-0.916000547009579,0.7584995446043825,-0.11889636078245464,-0.15123829319816784,0.05611401975007691,0.4169274699617707,-0.5838441873694687,0.47594090317509324,0.04374484286319729,0.43082929620365207,0.3640108103435325,-0.1282495502022334,-0.06447250871022787,0.0026563608253583233,0.01162910886114344
LSO,-3.440294036152254,1.4927847663858944,-1.4179640553443746,3.931263749568914,-0.7310063420479778,4.083987764157719,-0.18527852859627017,-0.6578148158273993,-0.892606146789355,0.18449163252409428,-1.497874971916657,-0.5791695238397492,0.38311359494275476,0.3708453211513597,0.8029660177043948,0.0914840956682234,0.018674371602921517,-0.07547779188215581,-0.19385173727865881,0.013576065961789301,-0.12785609359651243,0.05745560872323555,-0.023110429685319223
LTU,4.139945288843629,-0.2414497461610826,1.3578367429589555,-0.14105025782389974,-2.334792976847489,1.1024045029185945,-1.9501869690903246,-1.381803781401165,-0.006466135879313779,0.12927758146636428,-0.08027519010279652,-0.5117705201258361,-0.17830750336984952,-0.5239100863293781,-0.24708233865411608,0.07115774259480832,-0.36633952645013507,-0.5328158989271707,-0.5146803573648229,-0.17229411230051786,0.2010932569735467,-0.2221841567059555,0.014464927084489423
LUX,5.500001387215433,-3.3266882409065124,-2.670535414949947,-0.6504844545700985,-0.5262684203709568,0.01021100029806685,6.023557158518724,-2.5690576195448434,-0.7332834955883364,-0.48625027678094057,-0.08236906682553047,0.3066390736765556,-0.36027991620768895,-0.4809262594527266,-0.3883201249864933,-0.08787698118045736,-0.39220353112758505,0.743662811224137,-0.11187328115698383,-0.20371943644078733,-0.17445926630467873,0.004814536889047797,-0.08368301736817783
LVA,3.6166027564531786,-0.4164579236228423,0.887542051990245,-0.0876628802170133,-1.9113467811456681,0.8518309776693782,-1.7390902872948601,-0.7151632848074964,0.18968612338161306,0.040342166912723694,0.06150449657121919,-0.6211859243892474,-0.23985195819274982,-0.06708223329829395,-0.43768656033165015,-0.029015453953685558,-0.2155917496180871,-0.37701573308887315,-0.49083026633401156,-0.15596740060812228,0.149940010616756,-0.154760506537012,-0.054560097186872485
MAC,0.6195071140938561,-2.077247799564988,-1.183498717048944,-0.47937659295001184,0.14442637411814263,-2.6946941078350584,-0.13117684636587162,-0.22888108045946948,-0.45921266178007286,-0.5586903958052594,0.04341944644689028,-0.2860050991993725,1.1589946478734254,-0.2431709436006704,0.5981685912612118,-0.3626579700765684,-0.15133496793199208,0.012292754344836874,0.08500838347867566,0.13881002732731101,-0.14926503659715076,-0.10768857608658391,0.022611085633402382
MAR,-0.8944662349441034,0.5216652889051435,-0.06869664577499196,0.6045557408145134,0.6632154239330305,-0.031233373135525457,0.21436216350310083,0.27316287406471856,-0.21068377283840517,0.10669563250295155,-0.24151440819594244,-0.17831390102757055,-0.7792239102405724,0.39501775355623775,-0.40407242596441445,-0.34784301708808263,-0.025017486007459254,0.08088000855189076,0.09919088686128712,-0.2095284823128996,0.06066490339396313,0.005220216229306999,0.012884866220127906
MCO,4.722745348617107,-1.081564991787282,-2.1290463914558004,0.5056450467542098,-0.15270595243510476,-4.4157053060131854,0.5532777597866497,-1.412442547753506,1.7162883943296983,-0.15010683789119808,-4.109154756967024,-0.8651503378798365,3.1714320135565424,-0.536466106592134,-0.09541923988570675,-0.27533663442997386,-0.09991974138117812,-0.5846740977875003,-0.23219281222214982,-0.04150265457594742,0.3504580533124892,0.5779486730062426,-0.13915666785784905
MDA,2.388112919239592,1.583086944441488,1.8783494469901172,-0.805686535978684,1.4553511945327924,0.8661811308994547,-0.2759672247843398,0.7293860104727358,-0.8889314358048521,-0.9584325839096622,-0.7250918525276133,-1.341513116204054,0.15432537601885912,0.5422224031533738,-0.5823718594514852,0.5320101760286626,0.05028840077284427,-0.17625873932983177,0.10022685861591717,-0.34677766853005126,0.17109778070505152,0.1090600742081553,0.022947371953641958
MDG,-2.865265166261233,0.7950413700882047,0.2124178150515878,-1.53147163122206,-0.3585539995613823,-0.1487624347630692,-0.01895998412039295,-1.4558249056231254,-0.005654635622784818,-0.5504079200504325,-0.11873910331156402,0.9420623784938585,-0.0697336747894837,-0.5060486345677786,-0.22395222051477773,0.13490705730912686,0.18027053756905487,0.002023753823851812,-0.1530070329061879,0.03202102134219007,0.07114820507348674,-0.05046379474400542,0.00404242571863325
MDV,-0.7341466135154704,0.45323764182101456,0.27939756680484346,0.33654817259869835,0.16879917576052755,0.11013678105411073,0.013696184807966999,-0.6095438826488184,-0.5918523865101216,0.3698790219997044,-0.7442921576329571,-0.23602392947622206,-0.9927506508769823,0.060043452017982564,0.22881154748513,-0.08353313592241939,0.08062836761548116,0.0027426827141151778,-0.17980105103451602,-0.11217241721725901,-0.11580420014515692,0.1914715894955088,0.06530278593588022
MEX,-1.511985501972302,-0.10811449642319843,-0.5456573369290412,-0.07380673447954306,-1.029613861803973,-0.32117464798018847,-0.01983957059740393,1.3041854877920895,0.07569678189023352,-0.1731071755375632,-0.11212595935089466,-0.38372274426482467,-0.32059191062745085,0.4442821054733783,0.1746111646077393,0.09879148946939804,0.06296927570422076,-0.07986126225081741,0.28301233536265435,-0.06650739861657658,-0.14861307626228035,0.09804865154382457,-0.03398105748550305
MKD,4.961797063776836,5.068309919736823,2.7954072736068953,3.89679580514261,-1.6515132852780667,-0.6628922794070395,0.13004246895641156,-1.326311571151225,1.4944432826176344,0.3747964418831542,-0.6461428610509911,0.08736915069682677,-0.38031612471347925,-0.1360580267076863,-0.7658494611363055,0.3895391986510387,-0.09420203674593709,0.889664905211822,0.3737992900731513,1.0788353572577287,0.3070972949158716,0.20010019468274218,0.2073781215575491
MLI,-2.4680056728030575,0.7894910479514639,0.8837892449933128,-1.1571667638277146,1.5657161885289401,0.41058385827217836,0.7792044078790532,-0.5351844327543884,-0.5148310842480631,0.2973552433283803,-0.3644118687198855,0.2960989351059,0.05146297111652666,0.06151183924985548,0.2855933972548037,0.11099739235783483,-0.1521384822051294,-0.046886046099223026,-0.11986133476440639,0.06772231422917548,-0.035162292333916406,0.04156452743775283,-0.021091208883694843
MLT,2.915425779019971,-0.20947294452024773,0.4975374479634323,1.0634703551460922,-0.4725183161390969,1.0753507178930168,0.31086437351004836,1.2057495329223544,2.183557929155896,-1.7416804578696483,-0.49999903247160243,0.003719168035012605,-0.3288157591693115,-0.13799733099431327,0.30952353901174173,0.6003935741514744,-0.256495245299049,0.20365434006257788,-0.05811856092105638,-0.05825662603877615,-0.007476513795512518,0.04967809568902919,-0.04558933048907448
MMR,-2.566334562845376,0.6670758437061322,0.46756292286461865,-1.6999298743518085,0.21693004748241293,-0.9841395826210771,0.554266197995714,-0.8590252216859717,-0.22888758813509347,-0.0713383187200359,0.3194060513992255,0.8090246025640127,-0.08740423485209484,-0.3265708516980173,-0.2037387386567503,0.025068606229807656,-0.21470750654694284,-0.065108737994231,-0.15684617791504615,0.158379550774574,-0.2680200287637167,0.15953517915614693,-0.013907273356810192
MNE,2.868750410306539,2.1007729154133847,2.4525233019531645,1.9534359624854305,1.0682373121663584,0.03120729204259195,-0.18117050031295742,-0.36274631707151167,1.0690875147807393,0.10320211251354654,0.13007014620821147,-0.1501774768055404,-0.1511290864956953,-0.12769559560610405,0.3655348399851499,-0.23613691264263373,-0.05641612528609599,0.10031195399315199,0.18448709597646354,-0.07365551814968327,-0.12438806579274025,-0.0642811482082631,0.08283548584228434
MNG,-0.746000713456406,-0.3200839995390944,1.2768167310314726,-1.7349707042937792,0.3741857242107632,0.6468854864608445,-0.29995107534313553,1.0817023937865036,-0.00013828744272706677,0.6016947355636654,0.7136414244782591,-0.533782004720106,0.9794580900876442,-0.31893269967182525,0.3440443637616747,-0.062416880488312204,-0.1802313059148515,0.05683525838573016,-0.04331212937028893,-0.052857818251869276,0.11927311902969444,-0.0885968078885803,0.09329144377559986
MOZ,-2.9412647135046806,1.251223204063081,-0.046745930413842646,1.3771067881069194,-0.04008504767970959,1.6181809683712705,0.7529723278261072,-0.1959239276113492,0.19772281938927636,1.69709524251044,-0.7488916799668036,0.5462291214668269,0.29538245297922516,0.46730381349596184,0.5516015075295572,0.06103058722682518,-0.0684758821228802,-0.015334599921010819,-0.004831573642258996,-0.053054331045989125,0.02741060504988784,-0.01847738115686568,-0.03942861347315298
MRT,-2.145097269738639,1.0450156130303372,1.0816354251204987,0.7303091121697297,1.2738502385276662,0.9872537897751034,0.5737038856687038,-1.7317704001300245,0.7473396722256342,3.4203634192288868,-0.26801193124968403,0.6864815014927829,0.24289403159842748,0.9151516726205584,0.7610800193222744,-0.20397933844917376,-0.04597391205891614,0.10608597857674355,-0.1850749216475067,0.005927881813472164,-0.09944967983550311,0.06243091567916998,-0.04320995633887545
MUS,-0.1917628623893171,0.2967510810879457,0.6450711648630371,-0.2887209537676064,0.4953927555194647,-0.16113864263786373,-0.3934013384122105,-0.201341412047666,-0.6326589734398523,-0.11558448975456714,-0.03241170289332722,-0.7470131945684091,0.10580157207197677,0.4178577879280908,0.07244358043701984,0.4058249560390632,-0.0073870758242954885,0.017089577935820038,0.12365038639072454,-0.06352481438912035,-0.08198703806754576,0.040332324634482476,-0.048719728361712775
MWI,-3.1490332353574035,1.1211678719444047,-0.19002682382651193,0.08940845004852421,0.073220715521081,1.003522459795721,0.7285960842977038,0.29413715460752743,-0.8423812806841842,-0.3619713027152105,-0.9543181744846336,0.33041101042673715,-0.04626569567799352,0.01686395289711191,0.21879531232227922,0.28140515390266424,-0.10445585063195405,-0.12532909157466193,0.03867481810097258,-0.002508847115417144,0.05192360367143672,-0.015434281942237532,-0.03302246708133176
MYS,-0.4910153704528824,-0.878944578910276,-0.8611466934143438,-0.1729659613652368,-1.1497618510943854,0.44546942311810306,0.4899298761776484,3.2569358250727296,1.4870358051711434,-0.11433612293652477,-0.5275432780065373,0.22463148644901015,-0.8565207897706808,0.3008900716583798,-0.4055534259684758,-0.2887916664301542,-0.08733441015913512,-0.05363591239012273,-0.2411532305126118,-0.005563172383652699,0.01839128319901042,-0.029415478348209068,-0.03782448452054549
NAM,-3.3891169315609067,1.2545564867906578,-1.5477781863229796,2.59141185637255,-1.3791896921160514,2.048885088616586,-0.16885659581288737,-0.8704916255671555,-0.03184167445733388,-0.27325544111878036,-0.9115280047369858,0.16437318769096804,0.08301759428807402,-0.002601334231134677,0.2572113354829143,-0.04058993419319997,-0.08919928311312864,-0.1565855860247814,0.5684540084149252,-0.14537764704425585,-0.02222503796376737,0.02578222532509218,-0.048376196226765776
NCL,-0.4598207999261338,-1.1714697651963928,-1.242218961583541,0.7004834568038785,1.0524877293027872,-0.47983913019633223,-0.6307410628869833,-0.2128449554135562,1.163890330911992,-0.6223974677533243,-0.22308415521155547,-0.24706037280826476,0.006348674085338266,0.14765725997940257,0.4166896846153545,-0.23850732294375343,-0.05820952494174119,0.04938638862703598,-0.027068318582150676,-0.020029741130840904,-0.1257560265505101,-0.06205269849035284,-0.030169022120326665
NER,-2.251183695015394,-0.09379778796080226,0.7492799853142142,-1.857537234664004,1.03913060079599,2.7329299524695436,0.9913694967654968,2.7547563555701347,2.7892729386683572,0.5206101425455245,-1.281294491479813,0.7659069889294232,0.2271364429197612,-0.16098144486421745,0.20971955441901954,-0.06708898240528824,0.007942268395500607,0.05473876344533214,-0.1772532747298889,0.04989154575768547,0.026371692601873276,-0.05703081481534844,-0.013673914698915969
NGA,-2.183116395917993,0.468161004251754,-0.29714253576466415,-0.2208299386588176,-0.03272623266461276,-0.7898276348688514,0.3019226322905213,-0.2846208592306448,-0.1893570987039319,0.11227206734370344,-0.07851060919721047,0.3781456654270899,-0.8618651452259809,0.23830648727581863,-0.24605443250501846,-0.3383192602798926,-0.06338049164316019,-0.05280617125777335,-0.22336454536495037,0.06632027411670009,-0.07371103083418414,0.05245394175232997,-0.030175774691847724
NIC,-2.577451881080251,1.0694211479359284,-0.0562786996581321,-0.04879699347077333,-0.58052356087426,-0.39757101064102585,0.08350483454791444,0.4001850448334942,-0.6187651113341863,-0.4511601209461878,0.463936041065017,-0.2659622296250361,0.6081320682324364,-0.21044338054020797,0.015920286220274277,0.10077301471093691,0.02946114257251243,0.041149553234664175,0.008747322298182742,-0.0971776610545163,0.052550427001521904,-0.033893832712540616,0.03531962745326542
NLD,4.575359429463678,-3.3335718237715266,-0.51107710578608,-0.25650599069606456,0.6818295517503935,1.1637962117995388,0.948878444426738,-0.6773280049561159,0.05455533250066616,-0.34609967884770293,0.5961709327886817,0.22704466926235853,-0.26838970705691617,-0.33871281754802923,0.038424012644261624,0.2342937839593545,0.2848332833144465,-0.23523770625365925,0.1228186080860222,-0.15555599521506186,0.08231351478158709,-0.018977639974443086,0.08452414509271536
NOR,6.033062929086364,-2.9569850829733126,-0.778312512150385,-0.2615290448250028,1.3220954871952502,1.2880613870724755,0.21953856299547195,0.5440024472795296,-1.1654613366180409,-0.5786033210946022,-1.2989998633762614,1.7862915777682418,0.5304207591753533,-0.19599657094976342,-1.05769068039388,-0.41327906278837645,-0.6821999356582644,0.8658498949716225,-0.09645070968374345,-0.37819051411126015,0.058345379873274546,0.09209184495914789,-0.0011394869853598227
NPL,-1.2580035992848682,0.9652519149421519,1.1663091441874294,-1.450216069321161,1.3181635966873024,0.33656969516865926,0.5578910243936643,-0.27993771355274116,-0.7307867491975496,-0.5289257558844914,-0.5050616964232325,-0.030989704008474738,-0.049455034030647015,-0.31820021150370076,-0.3308953250124912,0.14432744118789476,-0.17384287101479992,-0.16844442215114172,-0.04947620604014332,-0.013191830571981072,0.05944827729351744,-0.008358762299463331,0.04526263393820494
NZL,2.7422090473894,-0.969707167702329,-0.24906400048222152,0.9612907820326396,-0.41361607747226303,-0.4840646874911925,-0.4863126809095851,1.1086658166360335,-0.6181296585818771,-0.48501241277089074,-0.04634383419069921,-0.9190704466910814,0.05745582148218433,-0.6025172021522016,0.3327963519113918,0.36959035591621864,0.05964813277738964,0.17350082844422884,0.26157218904547463,0.15031223702792182,0.057700792707863276,-0.02356209110650023,0.11260689914803289
OMN,-0.9958107399970876,-0.5303434191885671,-0.8163987718663347,0.4350635471148678,0.8759270566134291,-0.05722431890977014,-0.46641208344504315,-0.5701422887207264,0.2730787275595274,-0.7541484118397404,-0.05503812884054489,-0.5706037030880254,-0.9590690752873121,0.1972361531953528,-0.20953672724375416,-0.7277616630571895,0.46692578472202695,0.01747335798443456,0.024418611547424477,0.04626740516116313,-0.11996053564173594,0.08920233160801509,-0.017810258745893568
PAK,-0.9453918538433436,1.9335083989218382,2.2053105664976838,-1.9097288513447623,1.2979372547382624,-1.0265098630160816,0.6478835423875314,-0.06168816724731515,-0.17773884415791846,0.34861750160702293,-0.5056856174091519,-0.5504312996751147,0.15633954392962693,0.22547704376175168,-0.11148642416002298,0.4011029060771991,-0.07520844419768874,0.12388088056159911,0.2517272955519684,-0.025666423505033672,0.05319933135833751,0.13182125337152972,0.07430565950853982
PAN,-1.7379937155222909,0.29332878913861093,-0.9880233199182665,0.4267513543047623,-1.31018836353245,-1.538969615510015,0.39762001127712443,0.6169508346123067,-0.8334276275026018,-0.30658137801087476,0.3617282545808372,0.4149474674874002,-0.15385907615445116,-0.14739309871034723,-0.33938369143762226,0.016045590388493215,-0.01688502657613662,-0.052878030141957015,-0.22073973320690876,0.005127121223135314,-0.061107904454373294,-0.0005123693743799768,0.013032030104436619
PER,-1.8843080153545495,0.3231978221652184,-0.310497662518936,-0.16298291578074972,-0.5524971144951264,-1.1211673307320535,0.2965013059860454,0.9591342265148751,-0.5437336157100957,-0.08263791037669768,0.5165818635456935,-0.04252588895871172,0.003158549140138993,0.04176232018466523,-0.06427948567206107,0.038223154268624396,0.15792429632751076,0.04722351630022152,-0.31080110096182395,-0.024338611189345043,0.06079820283679027,-0.05251541164383174,0.01021416020329374
PHL,-0.27932056133410216,0.6526124650913049,0.8915927706547523,-1.103361511983123,-1.2586359712176274,-0.12982631677037337,1.0826480197061383,3.647771475345949,2.50567644213898,1.65467104734152,-0.32659099919497164,-0.019028062928440847,0.31087929241504214,0.24875680538089703,-0.8694610634788509,0.06660413441288103,0.05823807101594621,0.07636687063827971,0.1479041254957544,0.08761373825833198,0.10739862764486291,0.04116363024764852,0.011698984713879174
PLW,-0.5801598348598808,-0.8641784073931277,-0.21170718305932715,0.34190300877132646,0.13029790134103214,1.3938208813702067,-0.1752454607929282,1.2386542974901444,-0.0168241799465148,0.2022118168994531,0.10715742244557072,-0.7421947177587962,0.3330313749024537,-0.28723540480550297,-0.03371441114762952,-0.5018071276048988,0.17593838378083673,-0.20528500481996526,0.08890289511669332,0.47131868065030363,0.08094615911650414,-0.07636668982292437,-0.11444659107794675
PNG,-2.687914750193291,0.5471342347891317,-0.2941978877958393,-0.07905988227850083,-0.18930136345527354,1.1257959251766825,0.46646391264699105,0.8863007768154074,-1.2586392552615548,-0.9338300512565458,0.005483497770615964,-0.07878581486181807,0.6685807771877559,-0.7115662501698664,0.02992030333463102,0.1263728562477638,-0.021242370925959222,-0.0598908161739335,-0.41369835730959786,0.09713590137617192,0.10921686382030212,-0.08278008827642909,0.04789338539823501
POL,1.165808227449438,-0.8246265640360777,0.4109983687818938,0.14225367666705027,1.0490689260773893,0.14930437174416908,-0.7150369514095652,0.03476685070841589,-0.1481496120152849,0.026978644462142806,0.8785810053227835,-0.23276294821178542,0.0699739765839376,0.06343931908075019,0.12417254977395589,-0.18450672447375033,0.3188256117295625,-0.019352931606351452,0.1059186419720376,-0.16885871288408094,-0.027520853071200228,0.036899391183492704,-0.026846943817856912
PRI,0.3435960865613393,-1.307721962591196,-0.8669130183670357,1.6489058779206824,0.6862823592934171,0.061492515390780635,-0.44728148541150153,0.6754626694018125,-0.3066449986466423,0.6984237621232205,0.8196049359415563,-0.9708199846521282,0.45155731460977927,0.06705774084242329,0.29034832074167616,-0.499046957257932,0.2088116824939707,-0.04026415118776099,0.22090580488511696,-0.019109550895249065,0.002738529099100938,0.011566418275256774,0.0027988510430630347
PRT,1.6570805052778317,-0.4424207758638377,0.1312265018130215,1.2901343266523986,0.2290808169804253,0.16004508153853947,-0.5777404474793977,-0.48818519006721633,-0.3085715500840088,0.16509813442101107,0.505966194153712,0.21234097751828812,0.2361089228320717,0.24911643250626003,0.09724109829972054,0.3178878863749026,0.6144679127683857,0.301720863290582,0.008644785191162515,-0.12808196036665492,-0.07723907933019052,0.1714863573520274,-0.0020476182570492592
PRY,-2.291037380134192,0.435038901150598,-0.9470285554073475,0.5098837713196778,-1.050761723497802,-0.3834376306892958,0.16931420888832818,0.8402852385469718,-0.4401625952581952,-0.6157201093091336,0.2114904604621233,0.10917154832902953,-0.21206304658316588,-0.1690549109570823,-0.3211669267846478,-0.20708967608363096,-0.18278071828742287,-0.08127544029896915,-0.03598636379463691,-0.022291422241089532,0.0011575413119137524,-0.01690464175283054,-0.0035115460451636362
PYF,-0.6890493429789539,-1.0004250913592585,-0.7716526649868511,0.20694642408971264,0.5216691639403398,0.2634781683064863,-0.9201004660695898,-0.36021946951729567,1.0369253589066865,-0.370462062057511,0.1865464634619333,-0.1549248600204889,-0.3206746171482777,0.02264073528195913,0.17512438780467338,-0.13542806190510484,-0.014074568168061153,-0.09641946917541758,-0.04367870673758285,0.009663577718929922,-0.0011197984608867584,0.04018604570886395,-0.010435630121796099
QAT,0.6462680035161278,-1.3502435477514112,-0.764265891544008,-0.8008316689554651,-0.26859777190237355,-2.6982804747009603,0.9744438728198417,0.6983818858182161,-1.3156729839800392,-0.16335945958331277,-1.6944937520987706,-0.49048801020918004,-0.6453407840311288,0.6482709615580178,0.3440965549772553,-0.9869556551034478,0.27156471361803125,0.17051656956305755,0.10059501447064004,0.3034245212978492,-0.11290880085451857,-0.010041522952049096,-0.03033661472979414
ROU,3.224777787883612,-0.1370908234963693,2.115669537862,-2.050038026869375,-0.9986584830511982,0.6039909664377174,-1.8298634538668475,-1.8830511348164982,-0.0509223774445489,0.0935387530033832,0.16709934894739836,-0.7194716412776787,0.02639751995425308,0.09964910999928499,-0.39992179945248657,0.3279795222061335,1.1947557873545103,0.06313906562247669,0.21043789355386142,-0.10784021243239987,-0.0020607046043723608,0.16032792315741212,-0.004227033663930904
RUS,2.1174926689267424,-0.6670464893139751,0.9390593056776804,-0.13599718138594544,-1.87384115062124,-0.38055786057593416,-0.2842293211948321,1.1095897766735545,-1.142133971272771,0.09618987851455302,0.9816667248857193,0.5635473060941457,-0.23780054921190766,-0.1975831089282062,0.1451102770798908,-0.458250174802415,-0.4635604681727292,-0.15012300587172,-0.01535162655715771,-0.00030536603654277597,0.07413966016860851,0.05989535812156673,-0.029942764867430277
RWA,-3.2761330737725163,1.0164582149177197,-0.20179687654631487,-0.9457400808957883,-0.9891710018924865,0.4140434469346691,-0.3250230691716641,0.28211063931431724,0.6786294231360572,-1.4685078511505922,-0.4296539049700508,-0.45090203727131745,0.0670561534404535,3.263990920950341e-05,0.12316613684252023,0.09994668391213395,0.15705534241879393,0.048754864103102084,0.3572326671559306,-0.12464078759117733,-0.06150263166109771,0.04577438195532214,-0.0209676583857037
SAU,-0.08540819133914072,-0.8778330018198774,-0.025650616626546444,-0.16232103559291192,-0.10186901352925327,-1.3876369452630415,0.9604131527047671,1.960034352338836,-2.3285119555776537,1.0990395449547599,0.4018937367605239,-0.4741643030769329,-0.09010570823978314,0.4542292823224819,0.21030876125785358,-0.12793397939399478,0.005079684488678905,-0.163873253632488,0.19312527183660058,0.06469763007303807,-0.017642047396818798,0.04837724476394147,-0.0036597284077472315
SEN,-2.887412207575377,1.1289888753398596,0.11612455019950893,0.01901637756441757,0.4864777240603653,0.7667482193016146,-0.3471518170780725,-0.8270010613490354,0.5856293880987409,-0.6463559081074615,-0.3237674996947177,-0.9513437262645469,-0.017225210000883905,0.5117565731800439,0.49241742009371947,-0.030022422824077008,0.22269779120937888,0.1656139585541229,-0.19564093958133696,-0.11366440961535351,0.06710050960086036,-0.03966633856318598,-0.010681318273745804
SGP,5.718791681483139,-3.9406398733369654,0.8943059573587717,-4.409766836398658,-6.688323964883917,1.9526997746002475,0.6577175391869371,-0.82323339955865,0.463283642529564,1.4325926043782553,-0.5474651615072955,-0.40023801595865033,-0.347585225284211,1.0450823717178477,-0.09014450223826008,-0.25224175412107624,0.18936419631725313,0.30621476031195993,0.2013611358010077,0.06860014389492751,0.12280369135255166,-0.1101186970330612,-0.0717280567187826
SLE,-1.7459291322434278,0.028726522175067576,0.9048536004469883,-1.8737439186738976,0.8897725810102579,-0.1325419253888993,-0.0956121050575514,-0.6997910872011027,-0.7278107117247058,-0.03316575618097977,0.6430119068669086,0.5885375200331752,0.7644158634744395,-0.5928381198343112,0.28172867331298346,0.7504504948134525,-0.04371803317349628,-0.11884518426294921,0.060832799015120266,-0.01950621397327548,0.1697404820522474,-0.08923377439306315,0.009090413820216246
SLV,-2.31216418743207,0.9241253630035485,-0.08787068143534282,-0.17245774099691383,0.3454970987927663,-0.1830728768530041,-0.6102238489867439,-0.868791083300142,0.8955200798889641,-0.9935548724275506,0.32810818161250116,-0.2860291500297215,0.18529833419218533,-0.3777560215847182,0.015234738446202468,-0.030728638137915418,0.015340613825371798,0.22396307964576911,-0.21081509406059806,-0.12453834676678223,0.0075837921135223346,-0.03128783927405046,0.039632918116294574
SMR,0.30667742839753886,-1.4298379555600165,-0.8452635311807936,-0.2782164187216719,0.07087506914422072,-1.4751303815877268,-0.09556879477932974,-0.2080216944112837,0.24953515883484695,0.43639437911935136,0.33353452586149834,0.34646152070414094,1.1610729057298188,0.04821693236935948,0.8659087623983751,0.7744376262711746,-0.3097597166082369,0.2699257824844709,0.12231607493497729,-0.07257204101985536,0.14741460942662885,-0.2569895196402765,-0.07655354314070947
SOM,-2.2337571051223177,0.33504177249776296,0.6699012474904946,-1.5852864094303323,-0.16528980106454536,-0.2660275353031243,0.2881305055220764,-0.6707517524760395,0.20360646647517472,0.6445025343336166,0.9245574863294875,0.8960855516827373,0.7165198915031009,-0.7549090877836995,-0.15023051859987296,-0.032770724144677764,0.16940089859129967,0.03727400158994516,-0.042865770037025804,0.01562881283600609,0.129071093788632,-0.07032914143241865,0.03634726698515081
SRB,3.4275614117225963,2.534172806943046,2.88919244323515,2.110057696231325,1.092231525190512,-0.10207026253411734,-0.12216447096397375,-0.8238976334944859,0.6821920576298199,0.8427531822215579,-0.20046775181883722,-0.8124959778112514,0.4015407533521476,0.14552314904849323,-1.0929805640671373,0.3871666825019468,0.19179470466727438,-0.30848975682922275,0.117198605686393,0.20608908890761632,-0.6058958611521701,-0.734144476795802,-0.1256845051054179
STP,-1.6192656970868602,0.19668921214212204,0.955042395869602,-1.4214941195677586,1.312651828303976,0.3042156285465292,0.11461629283077111,-0.9310928587547631,-0.6198237959721054,0.5814041928971242,-0.34953722010032795,0.10387206772088774,-0.4327827004116326,0.25038301634527854,0.13835085880023953,-0.1211373832889095,0.16247837787240296,0.006481689981723763,-0.053651367668240996,0.04560081779219569,0.04239262884167772,-0.025177882139187556,-0.021877582054275018
SUR,-2.009637348947738,0.05967065871394572,-1.1102380040087387,0.5216112734837759,-0.2604325531986185,0.362648729564977,-0.3809733169996612,0.4000772583232177,1.6211421140539792,-1.0719167674815786,0.1777051647459721,0.295235823286419,0.07681900866519892,-0.7033193334834429,-0.4185497063982269,-0.34864767342796626,-0.442122584832504,-0.376929971576325,1.4863461911298437,-0.2504878120806914,0.127635214159205,-0.06363707224514009,-0.013984970697808475
SVK,1.568882421036429,-1.4508123788752434,0.318417913833937,0.15451554073758683,1.6698879108766578,0.20262355489767486,-0.9387618935725004,-0.9647647805207686,0.4433527534015583,0.6312063348502565,0.41789344478828516,-0.2196533062130376,-0.7584545689976354,0.2739812650433369,0.16227761896072293,-0.2619099083530849,0.1206720943059326,0.0001413130757140751,-0.23342135344729226,0.01683315091401051,-0.03624956324830952,0.059397164557089856,0.009015423600891867
SVN,3.3138293227911753,-0.6845632366472575,0.8006326950332359,0.3347272607738472,1.9786913643682225,0.3364822952145512,-0.4301069068168606,0.04187698789743637,-0.6528102890525129,0.10592620399945571,0.38789320893279094,-0.19328643509609084,0.3738264168593434,-0.27460285124905615,-0.6386150915549694,0.24795318435850122,0.09605353138238494,-0.14641943947861039,0.07624491288220892,-0.1662724563469922,0.09800013411510329,-0.021977674582275394,-0.05616459982955844
SWE,4.842674606161682,-2.729339630940705,-0.24650864366970968,-0.053366244437160086,0.44644863234736504,1.8379299781263452,-0.5285402824665877,-0.5097237764373325,-1.14470892085329,-0.27064767769093734,-0.9359409356157811,0.7663880657854046,-0.2884057389084385,0.17277433190790692,-0.23328127598711043,-0.22300683710402372,0.1854563713172297,0.4441303041875501,-0.029543584258041065,-0.17929990870843196,0.18043548552390584,0.010584627843218208,0.02098530260237694
SWZ,-2.8563365939708882,1.2704835764097946,-0.8785723150761257,2.572535116987023,-0.5208094851266021,1.6021025237395916,0.619614050744948,-0.1147172018453275,-0.88902351148399,1.0402625341096063,-1.044750222415091,-0.07305282589789311,-0.21516125794199567,0.7347526455493155,0.5098345886465302,-0.023678964374225717,-0.1182444457729727,-0.10148962732804029,0.053168288167768855,-0.05664138347694079,0.014141467272958357,0.020514917191647445,-0.05175560235123161
SYC,-1.1396944348638136,0.11282745262402873,-0.7610286730534387,0.03205263698019808,-0.6528752724992668,-0.7492727619392153,0.015733751647767264,-0.5276095957668389,-0.0618112304928346,0.05394642590112568,-0.6723361649504814,0.25044502309127786,-0.84807531887399,0.46331582087347617,-0.07614716868445202,0.1619345186950554,0.0038018216362245643,-0.3638602589650849,0.24241501955923583,0.09344719306647443,-0.0842068263210267,-0.17008470199801776,0.213069510780166
TGO,-3.4311259523852353,1.591463797308432,0.17855466032696563,-0.2928485360773791,-0.5352754189872825,-0.13614368864502674,0.2773490356131269,0.12652272110420154,-0.34715536035308986,-0.3627081520190883,-0.2652004877169514,-0.40762577160376257,0.42708032337488233,0.35222892850201565,0.44258195603571604,0.35082881045508435,0.10378666287230744,0.12468598129629187,-0.1416992529767408,-0.09192487093787911,0.06083007126363106,-0.04157711888197807,-0.011906320965364212
THA,-0.8554750496862874,-0.7311594703936648,0.520347609997821,-1.7526631603405336,-0.35241958018364494,-0.04645274675782519,0.03402909775004385,1.5609113936666645,-0.15552335974519282,0.2923276215599715,0.5126669813394705,-0.129293662824263,0.28235921388201113,-0.2068483406557939,0.048854424320240605,0.09051285848597923,0.38753585718993316,-0.04025143128817839,0.18378881081023205,0.021443075854859057,-0.10157894013854436,0.07823650108059634,0.025856022587006484
TJK,-1.2542757123400134,-0.6352522844369511,1.040876508050956,-1.8547255874093396,0.8813466374937797,2.311004049163548,-0.5150698788212231,-0.04794961824040395,2.657535102963386,0.9511471589772026,-0.16779698003353058,0.4696893497777747,0.12388837646566789,-0.2706187162534423,0.07919683526683985,-0.7379420884890606,-0.1436062311182604,0.08564720208153384,-0.060864168257248503,0.034637644858896824,0.08641036244894852,-0.07098458999713059,0.017139448700339118
TKM,-2.357570411749418,0.5295601489426272,0.31548831422574053,-0.8881331107654463,-0.19618705502710282,0.12827031433398287,0.5005046416471846,-0.9752606888037151,-0.09918980084420026,0.6983024981300963,-0.2761477028227544,0.6426477699950793,-0.001304920282800057,0.007958647362390563,0.13291109183323097,-0.052677028667803015,0.19176186132153808,-0.003076891364207639,-0.05585250980071949,0.05184389608665417,-0.01404876569694218,0.000811478512343295,-0.0152604994598198
TON,-1.4358166175991225,0.14715066394230827,-0.3493647252646148,-0.23119049535941222,0.7211263905164712,0.4152024691693526,-0.7219515509877609,-1.308253216435518,0.2703418598310886,-0.4240393691951758,0.6722945682815368,-0.19846712200126962,-0.20170944174669544,-0.40545105393597014,-0.10731185262718289,-0.6588329739658362,0.21297620272882445,-0.2819838716191887,-0.14952824175563015,0.06302087942670877,-0.1636674690416523,-0.07875953605729356,0.045092379950261025
TTO,-0.5817290680666203,-0.4861352052331728,-1.039712505013388,0.23331794817778062,0.44883570481502877,-1.186277184333626,-0.5900494532225252,-0.7928343103150879,0.30467382923546715,-1.112099825758644,0.37323670726277935,-0.25752653819851135,-0.4310305113836565,-0.18990557217018778,-0.30745993851118286,0.09627970811406866,0.0871411977520834,-0.08067612859012814,-0.32776165879091534,0.07304868689515723,0.009796629786492912,-0.004821183867312452,-0.05785276937914858
TUN,0.9568175525085411,1.7808579426943116,0.9375161097749268,0.8733767731339511,0.5345427098126002,0.35657867301828455,0.8469041126224509,0.7815351380977356,-0.8657301301499851,0.6237404473437749,-0.5978320807526591,-0.12653733577915904,0.0700032523450839,0.6121683797603613,-1.0955389969790401,0.14913353607804747,-0.26345124978736567,0.738688472092651,-0.2058029460595598,-0.37906626730633336,-0.10493161973750151,0.014007397583339826,0.09981231387694153
TUR,-0.7551119681605003,-0.3508313202264655,-0.13335835050937456,0.3192546937978952,0.11995877969712611,-1.1144255703161374,-0.4376621963055679,0.16255433294101818,-0.4417950965687723,0.48185717598052025,1.5929468319251734,-0.19154467037508263,0.5372588971517145,-0.29580400675549656,-0.0021347181653268996,-0.16565089857044382,0.1539804239188483,0.048135033021872074,-0.010198036795212915,-0.037255182965935725,-0.011728464802385472,0.035138314153262594,0.028851819457846328
TZA,-3.141785776553833,1.22959156846668,0.7327400974163326,-1.5674882088703035,0.8791786699611739,0.06567357570565112,-0.4006886844729144,-1.0042799050914917,0.6753321024350912,-1.110560471891185,-0.23168141814925103,-0.4939666515426691,0.2384002492251274,0.10288967604290146,0.34302317946059074,0.0959190570604783,0.07915351193484743,0.1621000147447409,0.02697121678194944,-0.11613984255462921,0.101328511908652,-0.055943856722150874,-0.01482578064733793
UGA,-2.5113308143975415,0.8998668698474414,0.6427506481420849,-1.2059087311683963,0.01615136876995524,-1.0847706138262565,-0.14280966576335685,0.020836641703118632,-0.007721570379273562,-0.19245132343742402,0.8788799939052002,-0.43170212550953113,0.5779362897200189,-0.06942770156081078,0.08069684469260788,-0.09278264649684716,0.01770726026377535,0.13804412601509775,0.05839956985313642,-0.11968555729733431,0.09725004966491174,-0.04172263758328763,0.021316743074319976
UKR,6.447821945308375,3.124785554351702,5.456109045738922,-0.10079542064009411,-0.36963870769425045,0.762878982493504,0.4861066122118934,1.4858776486963794,-1.7461232236935702,-0.5928053261418497,-0.048329708625815516,-0.03281736460402468,0.5751155469832862,-0.09863310166205051,0.094888200889858,-0.6164078241899648,-0.10994544313110684,-0.06871412379442807,0.2897284790389077,0.23353223023303746,0.06739974188335265,-0.15015685998720876,-0.1045916665572875
URY,0.9066995847585098,-0.0921148305196341,-0.3135849720619801,0.6068770959408497,-0.5871349078949223,-0.31649953863683594,-0.3177078169869458,-0.08398198700867593,0.03774208558675202,-0.7089361361763458,0.0314279774030427,0.6191656733119688,-0.41773746642036036,-0.035225298682969794,-0.08090134001515709,0.5757280279454602,0.40597962635378254,0.47295639740778794,-0.10215346521046545,-0.02240323970263479,-0.1342900253175363,0.01216659053861045,-0.09023162875310227
USA,2.1063916730594974,-1.7340179045189663,-1.0413756734125903,0.8018004856914555,-0.9279385390349982,-0.5138283384470458,-0.7629659954286999,0.8029117318692887,0.42060585373729176,-0.39978516369784645,0.07083341155877841,-0.4800427866977343,0.9670231229520652,-0.4953815405759422,0.04047664101561113,0.07614910874384884,0.8007703333018307,0.25757408370009344,-0.036903261205497875,0.16873874951353673,0.2341757308597354,-0.2367319353447902,-0.0031242702347612714
UZB,-1.6017320047853443,0.2466769575177888,0.3589976640602332,-0.35076573736294764,1.1736268409420783,0.2316052295535849,0.5246509956838032,-0.053585241123036406,0.1673424267717575,0.5476167408580652,-0.36428029716164223,0.03175215970136288,-0.7701364289277975,0.4755509005209702,0.1938387166541762,-0.25958081273842326,-0.18783212611414504,-0.05295797712391995,-0.11973483184852857,0.013905095185348307,0.036913957178660424,0.004365307376297908,-0.02987435196688249
VCT,-0.9272360427843422,-0.23576650224178267,-0.4887439659759279,0.518995982497396,0.7247829742853754,0.36710701083261665,-1.0307573528691933,-1.1644422394609995,0.10100815307155005,-0.7831787346757763,0.22329362085437707,-0.466926211196676,-0.30215045506787686,-0.23287888803842796,-0.21547819492128084,0.051750632000364116,0.045389717342826666,-0.19241731957307048,-0.06062217760701482,0.05112393459456673,0.18530545630673037,-0.09016490561974724,-0.011272129765536662
VEN,-0.7978537355055184,0.04728410942789965,-0.9503898918925847,1.7780339083092316,-0.917583933422251,-0.5567656566479675,0.44353502961519736,2.036785219495617,-1.8625430329651804,0.30541716225955906,0.7298580225004132,-0.4579542947432257,0.41051200705014507,-0.0885766182444718,-0.29057281573992483,-0.13139536891889886,-0.06900502531985034,0.001122689927560282,-0.5350064493722605,-0.00020982114961686798,-0.03275532213822773,-0.012090859903278961,0.07658223006943979
VGB,-0.23132377404345242,-0.6524356044798472,-0.669991962426704,0.15764667644720082,0.40221008443995265,0.09711681813871015,-0.6720798201524663,-0.3342301650060583,0.3560949751316546,-0.1941620137044293,0.7802494922061746,-0.18878013904959817,0.48192503731380015,-0.3003559511959831,0.12253574334805771,0.3803719495026006,-0.17775162865037006,0.23060962995254083,0.10565266793257722,0.25677531041005375,0.17923212133714653,0.060221551965679826,-0.1470218036831234
VIR,-0.08480220919018396,0.051542772407109076,-0.2631661409114391,-0.14589267076347529,0.06172487955651971,0.022703045664733402,0.0238839143744689,-0.030944231367520312,-0.051132019589408155,0.2793938740650013,-0.16316468906707432,-0.3563714329860536,-0.009269791496977448,-0.12700470626803803,-0.6288531165642512,-0.02156879712040614,-0.07812264563199396,0.3978019715267082,-0.026515625034687153,-0.4112646572784148,-0.16675296866433215,0.13222961697670677,0.18683095281618867
VNM,-0.7204753798175718,-0.5304040967395974,0.32121503049549954,-1.239165062242005,-0.5188760817483488,1.1614403588267352,-0.43743231318774195,1.3591846963791732,0.7683097957763747,-0.4272430610014543,-0.2439896327094959,-0.950001777898999,-0.4245385316251706,0.4127347046015651,0.0902091548471134,-0.20349687613169717,-0.01755199346325984,0.03546917223938424,-0.2029556833957172,-0.0030315897819504995,-0.014142983617643838,0.018563032060838917,0.007011377009514683
VUT,-1.2910732547107542,-0.7763914083604112,0.48528639537228646,-1.4990223063913426,-0.3608398988975224,2.180465308356529,0.10106496030786338,1.9873327878750604,2.6102713558398234,1.20950937039825,-0.04281339175650731,0.661711702628518,0.5652982502850422,-0.501502442320834,-0.07342441463308053,-0.4445790971560787,0.06105034773538824,0.08334805321043473,-0.19069954684559542,0.09638980483610392,-0.12922691737693745,0.05541659902321549,0.04927022953002318
WSM,-1.3634451316317984,0.795535454826636,-0.019490972696848782,-0.33605563195469695,-0.1003421654427388,0.6239007741239754,-0.010434720257406929,-0.2575778797751157,-0.8923118719685839,0.21306090126439547,0.10935895788436154,-0.0028628862735248415,0.4148038230970962,-0.43690188617853504,-0.3140288209633876,-0.03286214253007119,0.013205116164425672,0.17562071946822644,0.2682172059432331,-0.07945679971453282,-0.13843812165761749,-0.031000984113572806,0.018513202967723765
YEM,-2.0872305229459336,0.5764105324726729,0.3306351402904418,0.15243829565871994,0.20496292707992106,0.6877062572659318,0.17143023926027443,-1.1342498586197711,-0.4672774350261355,1.3791165730622272,-0.3507356743374038,0.3126594376428041,-0.23913973305645939,0.47337702091287825,0.3623414310678598,-0.06704308584692904,0.16064179742642423,-0.02733169785911036,-0.0055831554345060095,0.004034219358570097,0.010745183266998906,0.02056622624670245,-0.029531090202336092
ZAF,-2.5937256174375745,1.0843455722054314,-1.8817384365712273,3.573417221385246,-1.788073017288588,0.7134296941463962,-0.08206460454385064,-0.769760777554914,0.6394030176767233,0.8925391775700056,-0.25469371216386455,0.28647762049030223,-0.4784745628310944,0.46225932181629364,0.0120677545774007,-0.4526615699245558,-0.0783554405223546,-0.09829507653990285,0.5617003156472162,-0.21885176189867356,0.09008716072539993,-0.006365013724249997,-0.06960952409277095
ZMB,-2.8655118408794285,0.979450095200609,-0.5699396378504108,0.544627904738086,-1.5844133593782497,-1.1010197621615507,0.24239553269992578,-0.7732769612289795,0.06713824006194646,0.8823354474600956,1.0271412916098501,1.0990856823256923,0.4120161609803999,-0.5001753968066714,-0.33541618945883733,-0.2516440736035379,-0.20254912505247982,-0.0720486437216394,0.36794410199603755,-0.10143656703564674,0.08336255051546876,-0.03096797712109648,-0.008271515100990112
