CountryCode,F1,F2,F3,F4,F5,F6,F7
ABW,-0.01885078455641874,1.1453058345590255,-0.3637395513734653,-0.22515773070639272,-0.05178587135473036,-1.0697251951646214,0.32616155972926186
AGO,-0.18571890507137628,-1.1297121794409575,-0.34187085961228597,-0.3652822796914426,-0.2654507790818159,0.47516579441747436,-0.12177508635740458
ALB,0.024655387551244967,0.191392362795214,0.9796329349126988,-0.8080827842836518,1.351325702656871,-1.0996344260254924,-0.24665740810482245
AND,0.013620069787971704,1.595822271919015,0.19181629301385583,-0.445556790338337,-0.29558075958077296,0.09216781101997032,-0.4790387129947923
ARE,0.03105284540117534,1.1785397039103307,0.1940394796709382,0.13649173032975973,-0.44957467707924825,0.10254284778152238,-1.5038644580479648
ARG,-0.17888424843909553,0.8328704739142786,-0.2121704838857048,-0.6268695386725217,-0.6767724664103858,-0.7192795473598026,0.5688390365877005
ARM,1.395102306413643,-0.9224468884585583,7.227591591686074,-0.8664566908982763,-0.20131379271528582,-0.5793735121198229,-1.5343925149304178
ASM,0.7054156778024823,-0.7098280411190127,0.48207099264661213,0.15470162651362682,-0.025637058735155826,0.8076854615505261,0.5592176243434739
ATG,-0.1959286290461334,0.4615844185180334,-0.07519522432066478,-0.20768026531402006,-0.10429694685228312,-0.10512252593230192,-0.43052601320405653
AUS,-0.07102572989400047,1.3454097316378564,0.18982931080597223,-0.6163817745078833,0.31955203125454656,0.056999669447406275,-0.27301747571182133
AUT,-0.21525360134420174,1.2441525709595793,-0.5254005742608959,-0.11897160461971164,1.0163614506366099,0.962699765033652,0.996333618823799
AZE,-0.27982927808418373,0.9531720487209864,-0.6278060606706021,-0.8559871698389555,1.2690816894754133,-0.896121379123942,-0.7412545175433725
BDI,-0.08838993375008404,-1.6865600759539097,-0.6648369512637373,0.28537812043288596,1.6253003709494043,0.41371025806161693,-0.056080909691359794
BEL,-0.2072054572362609,1.4301028076585331,-0.5321101864137906,0.03051554624690293,1.4676430315941924,0.8548247788351923,0.9986834979500253
BEN,-0.15551045438255834,-1.3802203828258366,-0.3224545440898707,-0.5545444774529716,-0.01867955204309369,0.5508940895286417,-0.19542715562688093
BFA,-0.12027266307204147,-1.374300790194472,-0.6070387249335586,-0.7155702902500715,1.3458154767782529,0.3280893556774184,-0.13296040699450962
BGD,0.08238499842809503,-1.5864317026652623,0.7656574568666517,-0.3957749415147865,1.3912515245379662,-0.11705996393866892,-0.4591537571389907
BGR,0.23169641833637752,-0.034853730422199254,1.6221278126252952,1.2351507653681155,-0.3622968472769389,-0.4669789309630708,0.21009279755620533
BHR,-0.2828649147540244,1.5987534835269237,-0.3741871802083531,-0.3350273222392304,-0.1855354943147136,-0.6971649891047187,-0.8622964962281643
BHS,-0.2869484894961963,1.1616253974627397,-0.49233775220646164,-0.5446310354631846,-0.025277031384856506,-0.6575525043385486,-0.14108964820414055
BIH,0.16707863354431565,0.27339627744212447,1.8432433571776365,-1.0837882926100242,0.3571878000036996,-0.281265046584853,1.2527415218129931
BLR,-0.10587615227730804,-0.09981086986103341,2.9175404870950867,-0.09211182624999262,1.3909263040024251,0.22687873363430122,0.7200961653480795
BLZ,0.02620755474774533,-0.2046720379230173,-0.01928793900702297,-0.5883354367476642,-1.8868122436880814,-0.09546618530949014,0.8269219862396334
BMU,-0.044117499069076596,2.3998497145725115,-0.7844977250382728,-0.36813331043648884,-0.20166958012711722,-0.8446343371084766,-0.9026800691091084
BOL,-0.06342595098797277,-0.12335723161927066,0.0019369252462560643,-0.5358882677014357,-1.3871950133064253,-0.3510190383540772,0.16348430639853395
BRA,-0.18847750053512552,0.4636583368924146,-0.35063879887173827,-0.13251711843010466,-1.666851409090075,-0.3791948314306692,0.5390316034127434
BRB,-0.15118437982351343,1.1008353795025214,-0.026459138061076175,-0.164561232077139,-0.07295995894467103,-0.8028521047719295,0.6844589300204621
BRN,-0.17709379912233347,0.6736584734725511,-0.6227506400842481,-0.7063631982892968,0.07951448377142709,-0.5437496793654019,-0.31776767675818757
BTN,-0.27816649524216386,-0.6099561121815454,0.9500177176675652,-0.5490193856922901,0.13678074750854843,-0.636475064091932,-0.48543948699276285
BWA,-0.10234549457746259,-0.7190130462735586,-0.32393066539088106,-0.1924535525929855,-2.2926541128133913,0.13891318407458406,1.6352900218544546
CAF,-0.11971830534063534,-1.4719402560576198,-0.20076189741212222,0.3998295895701376,-2.0116805783882974,0.7616575594132163,-0.056349226906885354
CAN,-0.09276580602270523,1.5158128512612228,0.5422126318607562,-0.2709744973256342,0.23337006508561223,0.30693389897730466,-0.6507398926969334
CHE,-0.0063952852300660085,1.3946699946770744,-0.5637429312194279,0.5116243120138805,0.8120757526269432,2.9375147733128415,0.7432714583707402
CHI,-0.11623075389399669,0.0923365059501287,-0.5580653023215297,0.05497464449368012,0.11302156477573007,-0.18352266403525386,-0.060755744277549505
CHL,-0.2221121814911983,0.7210328310892145,-0.45931578653463184,-0.15815615656867554,-1.2651979778947773,-0.17542553800935143,0.3040690108083166
CHN,-0.22354500738525232,0.10473134169397316,-0.5141972036157799,0.6433296815866705,-0.5740003357686772,-0.16736817866774756,-0.3670739077077159
CMR,-0.0960956812981368,-1.0459357020385693,-0.3555328768923666,0.4507042337679875,-0.9454145911070909,-0.3215771661082769,-0.7857866887609758
COD,-0.1210241938930487,-1.4632285013772264,-0.4151327193256834,0.4221333319477917,-0.2355179343090394,-0.16385478285075655,-0.9359646638527073
COG,-0.10807423534023808,-1.3721744089627137,-0.31693191986012076,0.5705513813839954,-1.1293175170351095,-0.14828579301251685,-0.1959668357729626
COL,-0.22669830320284765,0.4024324096143601,-0.2110315854049677,-0.3812648686755743,-1.878292059411093,-0.38980981782533797,0.09505461526027828
COM,-0.13952563882336919,-1.4173990603722393,-0.23625386704885495,0.4694746809735677,-1.7003760797458274,0.7868975583782417,0.1951537252351557
CPV,-0.14436326242276395,-0.2552130855222511,-0.5186151847116869,0.20883484297487695,-0.8689617111896311,-0.16756153031998955,0.18933510592987948
CRI,-0.10881969949933232,0.24334968518575412,0.14671757560013163,-0.4915032920947072,-1.2832155769712266,0.15925443957192997,0.8814770549893385
CUW,-0.3240631693626306,0.32028712260860726,-0.5043567591481606,-0.10805281747712078,0.012040341168709369,0.379722662042228,-0.6408775489267885
CYM,-0.591756709566495,1.0003440649054907,0.8730698860034095,-0.10943424292700905,-0.12615141499169358,-0.6513469083995072,0.21802222424931395
CYP,-0.040295638533410796,0.6285633814289355,0.24860947057836202,-0.8954455430341259,0.9025722076641992,0.8483822694675964,1.2176061355287957
CZE,-0.042378902695658256,0.9333953170143077,-0.3192886116309043,0.5341842490187251,1.8394173143183548,-0.6828822475828589,0.07513921774243396
DEU,-0.2711850553135689,1.5139599910477208,-0.6513430900697492,-0.21772712324430146,1.2321190712172854,0.8759156741789415,0.8944651406578883
DMA,-0.05469674004340608,0.5996373258767767,0.09476678455808375,-0.5710977684284876,-0.055912957603237855,-0.5693108612353677,0.34608479189659724
DNK,-0.08390251027968948,1.4250847605172048,0.032246184462546665,1.6683822878380206,0.9617272492837033,0.65884224303627,1.0942665385673433
DOM,-0.11269449336311836,0.11745469276343017,-0.2683605950803871,-0.5422163487367138,-0.9096658306971854,-0.5332598182636659,-0.25052338739138347
DZA,-0.12544959268189318,-0.48066717847791174,-0.447686644581636,-0.6539579454453295,0.2996820212853504,-0.18192389804859005,0.0162423399238725
ECU,-0.21427020877759625,0.09639243192091794,-0.3898093432724574,-0.3652114423521052,-0.778637646913587,-0.5736757418991086,-0.5111353901672144
EGY,-0.17548152639385678,-0.3164776574451254,0.0031616368126422215,-0.8852887105720396,0.16921636984443955,0.19067092874624078,-0.023236948449299286
ERI,-0.11601246795506123,-1.6999582168999978,-0.4079436322862035,0.33867968196055076,0.27900648347803586,0.7522522419664801,-0.32599157519121574
ESP,-0.21126033012707873,1.2233446920694302,-0.5122042096933509,0.14330238689068156,0.0164264027039544,-0.10805987356380356,1.3679661782636063
EST,-0.10947672843270954,1.1508581416390555,1.3709434575426171,0.7796209726297469,0.058328830591976154,-0.12834841701076563,-0.13293425102840495
ETH,-0.10654067087489379,-1.4647915638494626,-0.5547576664085253,0.03758508935905018,1.30518912809,0.09343133917935906,-0.08526321587468656
FIN,0.17426593238163654,1.340529356990208,-0.40337367949175745,0.40594029892636574,1.6649049553673185,0.9480140161522929,1.1166491643860301
FJI,-0.05855764228264635,-0.21114675955898526,-0.5963313699522236,-0.4242365694301083,-0.11954149667563661,-0.20134195980712874,0.045464617989456065
FRA,-0.30922448783638457,1.4102365324761743,-0.6452016232135873,0.5944004967802233,0.7840147958828032,0.8685572660821149,1.0735644187353386
FRO,13.360993397370821,0.24605101764867177,-1.737303499159545,-0.5847240898502011,-0.2604771835036255,-0.5800687147078397,0.017902061984489945
GAB,-0.0856711869097879,-0.9769249625254453,-0.5435054592637353,-0.3359687492852387,-0.03914933211510792,0.008011288023827482,0.6699583119769468
GBR,-0.2165772829236052,1.6503406303071637,0.06534135129736222,-0.10322288496864142,0.5565515591787241,0.620162805026154,0.570479693016608
GEO,-0.01863291781001575,-0.2924613053683785,1.2018837407938472,0.3783243827270295,-0.5552665555845943,-0.5466394161926738,-0.8563600580400161
GHA,-0.13955310199693155,-0.9268932972507296,-0.3360693173817128,-0.20418059914044442,-0.3417617804758424,0.15119298017783245,0.14313100360224065
GIB,0.23242846054854296,0.5035482024967439,0.7909664114100314,0.16171328927049236,0.02425726262400607,-0.6044695828274719,0.9327187929278515
GIN,-0.15377893690518277,-1.4893983018747712,-0.4444122440061866,-0.6667744747594093,1.183196636326331,0.42180846168385716,-0.37569539017163656
GMB,-0.18207743907750668,-0.9944100608660504,-0.28237072830916937,-0.6671714656275242,-0.8097344250552749,0.4584992463941735,-0.25250518235881053
GNQ,-0.11049326651530586,-1.0596841603283222,-0.4898494398981279,0.2438972281432305,0.22232661606647489,0.3555740548439196,-0.2660248397643456
GRC,-0.14100786452997158,0.8861923384284001,0.2025498515695309,-0.6678880764508072,-0.05193841496434924,-0.4326344332815315,1.1776172682408297
GRD,-0.24407605766165114,0.20348938983924186,0.04462854552055988,0.04099832936951234,-0.012837725395262437,-0.6630691567150113,-0.056070675561206325
GRL,-0.09277542910917742,0.8465500800324625,-0.8251302683206,-0.0754174865433628,0.0449745781306907,-0.5614471677198539,-0.23882369048371524
GTM,-0.1622610559044579,-0.6863081686790027,-0.27900684546320387,-0.5111008993147589,-1.073092685663823,0.24834522983570861,-0.16478550035930337
GUM,-0.10756434449562002,0.6103315680746059,-0.6141463723467356,-0.08745216013515779,0.003614713628319185,-0.5932928478287314,-0.2018230604169419
GUY,-0.27288946436525713,-0.21879038708427928,-0.1468365954058365,-0.7232663019323193,-0.8288599003590769,-0.02928826386623318,-0.03739587921038489
HKG,0.2420648729483239,-0.027076216345543976,-0.414096753345199,7.3294537336780445,-0.9947724728384362,-0.9289600939926839,-0.8292595513576573
HND,-0.14995009007820606,-0.8078534946131256,-0.23179371477394586,-0.2431274497726831,-1.4786911968287004,-0.29853104697414334,0.0014113610075703344
HRV,0.1769340470579609,0.625850257578441,1.84919714322013,-0.8313604919824905,0.2636922345815622,-0.5580963683696846,0.5734795873022256
HTI,-0.16578642469808083,-1.116786096144408,-0.027197828252286414,-0.06851020604321834,-2.7428285183560464,0.6218500464920493,-0.07227989863314611
HUN,-0.12124834485978246,0.881649784622175,-0.08585167581786211,0.5101122578576204,0.9147278082443961,-0.46658230054418015,0.09416556489593389
IDN,-0.08537191900062892,-0.971499710632837,-0.5158080503022097,-0.376247507629876,0.57879932365263,-0.4680777187325921,-0.6385689069161571
IMN,-0.018965820117014438,0.209581447015117,0.15220306281985746,-0.11402900068877338,-0.10837542034902344,-0.4626743684510414,-0.2542017662969199
IND,0.04837877409759265,-1.0615942804377319,0.04815228912820195,-0.3950145211600697,1.1027648799127883,-0.38260345371066784,-0.9983374145980142
IRL,-0.12186242783193418,0.5706648226851201,0.8303108638080381,-0.26550140548057594,0.43204142126474604,3.732250780607332,0.2211610034629356
ISL,0.1803504615602521,1.1594329776361003,0.7980802190690738,1.7989210861648033,1.0235747175759295,1.124147519038621,0.618152052224736
ISR,-0.02555129267804579,1.1480526029545364,0.2331312172693884,0.09764072582388267,-1.0361437525461605,0.28853109492074547,0.18288075401117526
ITA,-0.24498229922671869,0.7871104906477492,-0.3983557557975906,-0.7624740525483538,0.3233796964192498,0.29035461154014447,0.884437620681065
JAM,0.12666774355914023,-0.3898159989849554,0.7682787808723022,-0.6477977770926444,-0.8375588406514191,0.22776625738397546,0.911572465570516
JOR,-0.15140481962562144,0.06102222376639157,-0.2340718331268869,-0.6220247978299913,0.15925035367962814,-0.21679961913600188,-0.06358299787605817
JPN,-0.35882197160041374,1.4780184802458247,-0.7000579244966699,1.1416231124166767,0.5731568043391697,-1.177852645047087,-0.9612885268390873
KAZ,-0.15636920985724362,0.4134509782928818,-0.7267887383769033,0.41977688816727105,2.0891404179517807,-1.0925128212611235,-1.093903670774037
KEN,-0.0968256459012804,-0.2586565580462149,-0.2052705263211905,-0.20988160187629712,-1.0492050294426931,-0.16913182007760477,0.4357472795241848
KGZ,-0.03259645105245695,-0.9047154595846644,-0.58600057036333,0.17261422275961286,2.377607424069484,-0.9685125714777387,-0.26869087196333513
KHM,-0.06535699545607156,-1.242306132979577,-0.5833594452893255,-0.06635417137221024,1.7756116585629436,-0.6511113217341747,-1.30925089705135
KIR,-0.0440397709995164,-1.25110489472149,-0.5525851675474188,0.48981748491645344,0.460150423764626,-0.04436821854229084,1.499846891345105
KNA,-0.3024574852553582,0.8477202713328388,0.2724037783308304,-0.05971126883397889,-0.12512165373447906,-0.7941857861703256,0.12449411823893432
KOR,-0.25397062546486954,1.156182594372195,-0.7184815305967185,2.053233497423581,-0.18995108805171876,-1.2587349609996832,-0.2318011204908215
KWT,-0.15553256897264575,0.8997587804939674,-0.6946333262949799,-0.4839260299524387,-0.040740586731600144,-0.5797850122276434,-0.6859861665059922
LAO,-0.12995925345882656,-1.1140312932022012,-0.5336633325875066,-0.183687718684454,0.6919313306463267,-0.39500789439099765,-0.9844976997284026
LBN,-0.3215344416965841,1.1371539187159574,-0.3667038767444421,-0.998022148959158,0.05202793761420367,-0.6004342737679038,-0.6378910786925895
LCA,-0.27374141223453907,0.03275053480351386,0.08528333431841296,0.06392468012012682,-0.6271371963446651,-0.27138757443585076,0.393296431687597
LIE,-0.2946541486223281,1.958084327533758,-0.6240896341423606,-0.7898479582659929,-0.37043913995696587,1.2735465206202805,-2.2047081131996626
LKA,0.06267576064026309,-1.0632305426388085,0.635777100681716,0.08499995418676104,0.18409486505574657,0.4890008939974424,-1.305372903015772
LSO,-0.08390510062264758,-1.10379881012309,-0.3647328372196053,0.1337021822571738,-1.7668527588907519,-0.044152988877318,2.6775401910299337
LTU,0.12615975092884907,0.2205428098259279,1.8213210281690069,2.835772102152929,-0.510424452473377,-1.001117587349345,0.09412386156828592
LUX,0.5059603876530946,1.0862502808471535,-6.510260222636577e-05,0.38599576784649553,-0.16471601683012113,5.647302996192899,0.0010322247238174725
LVA,0.07617901162656955,0.6074239022809041,1.415475969491638,2.2263686108964897,-0.48982029662404625,-0.9989417076123731,-0.02688273771907436
MAC,-0.28469780825630525,1.1879592273706039,-0.6794587535403871,-0.2836541041764382,-0.12056591315695493,0.17861480519224898,-1.4778764627050718
MAR,-0.06766743566256495,0.1476849200206859,-0.2426638027509976,-0.8108093041046768,0.08240323784960304,-0.11227859772595124,0.18793015767693935
MCO,0.5786505243236139,2.433759075917398,1.1716379987144154,-1.5144836054674398,-1.2193759493922933,2.0561971197491156,-4.081207842404092
MDA,0.5045288330639787,-0.2408218079952112,1.0900874140822703,-0.2194467904725672,1.7592113003378984,-0.46124953349208936,-0.3869942333595284
MDG,-0.10554406126449536,-1.5811776717900854,-0.3214174595183192,0.43181421967976025,-0.23564909322527508,0.504532065827403,-0.2965985344454077
MDV,-0.012986195613829772,-0.004769281901802262,-0.20731396814649614,-0.023171819531699323,0.07275915706915632,-0.3329320293011705,0.028233061512311395
MEX,-0.19808530766678303,0.291318327250939,-0.49472998880393493,-0.059816886666409226,-0.9489338231162462,-0.5637997920054615,-0.5358746262250216
MKD,0.9412743560012364,-0.21703423978315148,4.745911434143784,-0.7461527454163869,-1.5717051278984457,-0.3896218011178656,1.2667131546891426
MLI,-0.13294019942518379,-1.3924039423515384,-0.5505465165387776,-0.5690962492602291,1.3677607698891212,0.2741313146779171,-0.11403309919484252
MLT,-0.10613605285906802,0.8382632406136669,1.4821135460363193,-0.2358492133064571,-0.377069183457274,0.38225158694769096,0.39166204976553337
MMR,-0.12470515301979854,-1.1222081343103947,-0.4314312818949389,-0.17055562266687713,0.24388532934730775,0.1502899430127879,-0.7272678173634064
MNE,0.14627458161841084,0.04813848897371913,1.976278371492005,-0.9244362982767479,0.9682522627859098,-0.6652665172305321,0.6021008561217769
MNG,-0.044945431705553276,-1.1014097782239818,-0.4403252204106403,0.5808435592795582,1.3245803918821097,-0.4656966009663832,-0.3553874081392208
MOZ,-0.1313123698359335,-1.3162881891274694,-0.4311887702043667,-0.4272198887086367,-0.38422854984345145,0.43314823027642185,1.0327043362330894
MRT,-0.09454110164339329,-1.2610459823372964,-0.6787312639623759,-0.3354305413855012,1.261777031925349,0.0638597092527794,0.6865961669102759
MUS,-0.15432801273756364,-0.04843343883526481,0.06845715944479226,0.020820454940939228,0.5823404658259902,-0.5299850328673743,-0.3468166547058713
MWI,-0.15958651247878197,-1.299416313310067,-0.3555955259977659,-0.4771338748567156,-0.38334531935784183,0.47284540036652895,0.39791637627907567
MYS,-0.23142594876494976,0.7462472943593342,-0.19961153850971178,-0.41271522032998004,-1.0823069853364962,-0.13480356728604237,-0.14935557824093065
NAM,-0.10434565225901142,-0.9217097737032081,-0.368801389287869,0.08235382027110472,-2.2235211388615204,0.36424830867728336,1.4200597376616826
NCL,-0.27945759640822315,1.0656243804900984,-0.7728543173891825,-0.7688757884704355,0.0915390707199832,-0.3185903714670763,-0.13000222686190138
NER,-0.12874589784195986,-1.661610824320326,-0.5643772752387805,-0.5355490706142112,1.3609507709546529,0.7810917832787754,0.275338264917031
NGA,-0.18574881310943,-0.13460487323408268,-0.47439464457703007,-0.5030188474370264,-0.4388355954092664,-0.2721360937263006,-0.3157207010305734
NIC,-0.10209377956940477,-0.9177370653525233,-0.235132447075819,-0.3260480201375613,-0.7533930041458622,-0.20142376841246223,-0.2348217133756915
NLD,0.08610868245237706,1.3653940549620383,-0.1303217280983624,1.0403619333810608,1.2248013502476203,1.397660444320906,0.7852911360474318
NOR,0.5626844151518577,1.2072688648387717,-0.00831344569760357,0.7065231856040084,1.415234937015314,3.2478386720423713,1.1301329610645767
NPL,-0.011494685636405677,-1.2998359608645766,0.12306869688704013,-0.3777696442014233,1.2838076662414124,0.2607932615498145,-0.2617368049354448
NZL,0.036680191635288475,1.2588071618194643,0.6782188095904006,0.15245340491677836,-0.3160415791756175,-0.29643501854255583,0.14408114657463958
OMN,-0.1526014730537097,0.7617824211847838,-0.7377520520944757,-0.4710930597893786,0.07260605985467607,-0.5797165657579336,0.05427718031650503
PAK,0.14511505050964374,-1.3097263998050357,0.42491932517438374,-0.7721646203014807,1.6571542788584872,-0.18787279663109732,-1.3418675511007534
PAN,-0.19877067034211673,0.19621103062937498,-0.15355767739186904,-0.4754549951967339,-1.7212578452130665,-0.011702579802367477,-0.32159868454554574
PER,-0.21427450820366759,-0.09190426390696635,-0.3265733973412161,-0.5414049036751847,-0.7517293977803454,-0.31425433983633877,-0.4441210523073188
PHL,-0.010886097620592191,-0.44771698320129055,0.7159913637752789,-0.6624486588557522,-0.4440254274476269,0.04685513047265995,-0.8943484358383991
PLW,-0.3381796848124102,-0.027498170157082034,-0.03972546397384617,0.12055456645250408,0.0780131497506175,-0.4529759923472763,0.5891819106629634
PNG,-0.1442199661594227,-1.3142447439913991,-0.25819439823103685,-0.15408586447037118,-0.47847958199881174,0.29376084337522357,0.6308917849968713
POL,-0.06561541268454354,0.6178450993357891,-0.2804822038932565,0.06813322434134272,1.0304036797089764,-0.4402355000057873,0.2376111006056434
PRI,-0.19623788342250598,1.1586850985378965,-0.6798677319230452,-0.45578620578221374,0.10005257460733323,-0.6253801408403522,0.5168307474657987
PRT,0.030065730619119456,0.7299992556237083,0.14287470792361592,0.1900242948253076,0.11590373943462286,0.14887252437400272,0.75465084272247
PRY,-0.18931664582599378,-0.14136327225901738,-0.28941555400396474,-0.4069363101946366,-1.5181636067141058,-0.1692018661472807,0.02617378703875369
PYF,-0.1862321199568835,0.626818652247136,-0.7298922329611294,-0.006905569398161986,0.0797196269124299,-0.6392415604932834,0.11992456269258568
QAT,-0.18409438132684222,1.3638449366503766,-0.43553251502885565,-0.531210829937457,-0.2738538888110467,0.3310716126403323,-1.9221019883478205
ROU,0.3468359158889207,-0.29296679843270457,0.9078170608246794,2.7321913911829134,1.0280245165371613,-0.5373317383082161,-0.6554028065846863
RUS,-0.040967152553069965,0.46660526952201364,0.6281499292649785,1.2352000138085437,-0.6446054432171021,-0.4182357444191257,-0.16025808884502085
RWA,-0.10372282197629332,-1.1117496509160931,-0.45271320532703524,0.17384203850587787,-0.9050088894432093,-0.27860997701474927,-0.6763655952625816
SAU,-0.2363547766410884,0.7125384405673493,-0.5352237531622922,-0.4415740294573911,0.09853075414984838,-0.30036053542906366,-0.6108706997409019
SEN,-0.12548475566414166,-0.8612167096300911,-0.5616508064256253,-0.28935930549340005,0.13920179538512523,-0.6666965454371095,-0.12692004090497574
SGP,0.22738093248884605,-0.12790034689355093,0.6482745329269003,6.521850237393543,-1.271351821362017,1.5017010104850987,-1.5850120788676305
SLE,-0.18746533546133287,-1.437678455512123,-0.4446697036068856,0.3074083296273221,1.1975229168837702,0.31611250122863893,-0.24878994943414248
SLV,-0.07921618278433698,-0.7074271910560208,-0.3060701500033316,-0.40068005346561014,-0.16502271310124006,-0.3700371360189116,-0.1872767701113056
SMR,-0.28802881924910134,0.4770052089972071,-0.5228593653300445,-0.06988868762597768,0.033132577098893855,0.6679421638309275,-0.6185751437478533
SOM,-0.09537978888436725,-1.650730032524515,-0.39368489856828076,0.35883624469730474,0.29764838469133326,0.5594700090051227,-0.23337913470613392
SRB,-0.6224544161445431,-0.2492528903525247,3.648742289421265,-0.9351878018198556,0.9375568315632975,-0.6878011062870564,0.9515491151594192
STP,-0.14253572544964935,-0.9677551626092897,-0.6144223049500903,0.10075742046820771,1.4895314256544328,-0.022860942236435887,-0.20375179627636625
SUR,-0.14587618247617087,-0.3085290632073807,-0.4127059541549589,-0.5430542669100716,-1.0072313906235082,0.27409093455647754,0.09867909590538691
SVK,-0.13019308542571398,1.1131555785883331,-0.45073657764822433,0.16897502694444377,1.5446337147816178,-0.7689426578879917,0.3630507541665585
SVN,0.03353280868684989,0.7471871435240653,0.7173507852108969,-0.28254181357469854,1.7116536487163854,0.2708438350786363,0.577556726164773
SWE,0.31371287552440197,1.0729458633903857,-0.07327013476538169,1.6950942343955886,1.1308503710669155,1.6263073960071492,1.1791466328396594
SWZ,-0.1483907118251833,-0.582125771504868,-0.4065263693738188,-0.5121808877860166,-1.288637701909278,0.07133975271064348,1.2755858000581641
SYC,0.014191869527268005,0.13749493449210118,-0.3480087286932542,0.03671975791611409,-0.7755200582276656,-0.5086611812917381,-0.10982744923823168
TGO,-0.1495248412627469,-1.2635539721626674,-0.3237177535669683,-0.3746923358788098,-0.6250817694428457,-0.256839574804868,-0.49552036999053806
THA,-0.13114145728119475,-0.424970203433103,-0.5549854138777904,0.4877350497759566,0.4422953917286506,-0.22446182860431035,-0.6031484933322742
TJK,-0.04975537747739934,-1.4073659343821203,-0.7166029536239643,0.7899405309608177,1.654248947455815,0.025856718311248375,0.2558859711458293
TKM,-0.11618538414727868,-1.2590781988778665,-0.4718878277080068,0.26019448889292307,0.04464902681077812,0.4520873090533714,-0.16175852861902423
TON,0.053320851071242605,-0.3628136954043433,-0.6195934004077752,0.1404946976310763,0.3392462581548308,-0.7524357471628076,0.31248744317307503
TTO,-0.24965057433266025,0.9123491820667495,-0.20591165172264517,-0.5533502658996096,-0.44224671121374104,-0.4789766103605935,-0.32816407702633205
TUN,0.2999917765540016,-0.47986254092292185,0.8444822650278215,-0.8582347559405713,0.34520992593946465,0.8678780445959163,0.680191459513109
TUR,-0.16196314208326665,0.27400587109550684,-0.4840284555679481,-0.2687211357716699,-0.09022318494256588,-0.596827341457827,-0.07786432878351701
TZA,-0.11246986405582739,-1.4608560635745107,-0.5439107466611993,-0.2356312818948225,0.7836582388538816,-0.35272454074648346,-0.8405573604262507
UGA,-0.12703000670916711,-0.9832423793901292,-0.4473255062022091,-0.28863290782927664,0.16407729481849276,-0.5225263956459678,-0.9907264079390125
UKR,0.44891399664136356,-1.141843467031874,4.069799602264246,0.6733917125707873,1.6874108465692406,-0.20686386000689908,0.0022301175105972275
URY,-0.11193648831355164,0.5480126990768242,0.4621021480029685,0.11946839677148816,-0.7387255823173502,0.5082263816948158,0.41368716896051555
USA,-0.17869881868818357,1.1585770792738086,0.4089407506601336,0.3888390253086909,-0.8875602367348954,0.32466590191755695,0.05505836293139659
UZB,-0.17919912710826438,-0.30241030730155655,-0.5664791066666227,-0.6692955335417629,0.8696123890715519,-0.23379178295979822,-0.0731677946551351
VCT,-0.2379521549953329,0.17900806742311803,-0.19048950584687674,-0.033331429864468146,0.049961076021241405,-0.6403390682381718,0.44816859700939565
VEN,-0.1605246646407795,0.5737742746566084,-0.055420647874032364,-0.7244499544043155,-1.4615317491731845,-0.4057660570956421,0.5920528407121504
VGB,-0.10707309612785328,0.271761060200185,-0.2569937389782677,0.027219538698776885,0.023374839320047573,-0.060596229996974206,0.23325311090039358
VIR,0.2512844519016556,-0.09400160785447596,-0.4177676592491934,0.01037999001188688,0.05008906465261042,0.4007593385099571,0.03330066526779088
VNM,-0.1113504649015673,-0.11555367766767291,-0.40642803249099674,0.6985362399642122,0.22450958904389856,-0.8960247684569418,-0.4118099784719793
VUT,-0.031786181378244543,-1.1869647251107047,-0.5766316885746254,0.6042485168580417,0.5296126625517967,0.2525560436517218,0.33811369707968897
WSM,0.1495755164865944,-1.1281487559969843,-0.23532709005627095,0.29718996637222556,-0.04550118521506906,0.43500592673667343,0.40428067516528393
YEM,-0.12223582179019946,-0.9057799491620079,-0.5870961017002307,0.21625904998069417,0.26337041111627835,0.004966135683809491,0.38506057704066754
ZAF,-0.1479895487273152,0.15777589465010564,-0.29991922468601295,-0.41035218182678257,-2.81344616582882,0.0071147621054894255,1.2149672006092833
ZMB,-0.13440976816909003,-0.9554612554162147,-0.2669839510921911,-0.07905192842948672,-1.7611962393365852,0.39125730307602574,-0.014052304144628717
